Name,Rating,Price,Connectivity,Processor,RAM_Storage,Battery,Display,Camera,OS
Realme 16T 5G,4.35,"₹22,990","Dual Sim, 5G, VoLTE, Wi-Fi, IR Blaster","Dimensity, Octa Core Processor","8 GB RAM, 128 GB inbuilt",8000 mAh Battery with 45W Fast Charging,"6.57 inches, 1080 x 2372 px, 120 Hz Display with Punch Hole",50 MP + 2 MP Dual Rear & 50 MP Front Camera,"Memory Card (Hybrid), upto 2 TB"
Sony Xperia 1 VIII,4.65,"₹1,49,990","Dual Sim, 5G, VoLTE, NFC, eSIM, Wi-Fi","Snapdragon 8 Elite Gen 5, Octa Core, 4.6 GHz Processor","12 GB RAM, 256 GB inbuilt",5000 mAh Battery with 30W Fast Charging,"6.5 inches, 1080 x 2340 px, 120 Hz Display",48 MP + 48 MP + 48 MP Triple Rear & 12 MP Front Camera,Memory Card (Hybrid)
Xiaomi Redmi Turbo 4 Pro,4.2,"₹23,990","Dual Sim, 5G, VoLTE, NFC, Wi-Fi, IR Blaster","Snapdragon 8s Gen4, Octa Core, 3.2 GHz Processor","12 GB RAM, 256 GB inbuilt",7550 mAh Battery with 90W Fast Charging,"6.83 inches, 1280 x 2772 px, 120 Hz Display with Punch Hole",50 MP + 8 MP Dual Rear & 20 MP Front Camera,Android v15
Oppo Find X9 Ultra,4,"₹1,39,999","Dual Sim, 5G, VoLTE, NFC, eSIM, Wi-Fi, IR Blaster","Snapdragon 8 Elite Gen5, Octa Core, 4.6 GHz Processor","12 GB RAM, 256 GB inbuilt",7050 mAh Battery with 100W Fast Charging,"6.82 inches, 1440 x 3168 px, 144 Hz Display with Punch Hole",200 MP Quad Rear & 50 MP Front Camera,Android v16
iQOO Z11,4.35,"₹25,990","Dual Sim, 5G, VoLTE, NFC, Wi-Fi, IR Blaster","Snapdragon 7s Gen4, Octa Core, 2.7 GHz Processor","8 GB RAM, 256 GB inbuilt",9020 mAh Battery with 90W Fast Charging,"6.83 inches, 1260 x 2800 px, 144 Hz Display with Punch Hole",50 MP Rear & 32 MP Front Camera,Memory Card Not Supported
Oppo K12s,4.5,"₹19,990","Dual Sim, 5G, VoLTE, NFC, Wi-Fi, IR Blaster","Snapdragon 6 Gen4, Octa Core, 2.3 GHz Processor","8 GB RAM, 128 GB inbuilt",7000 mAh Battery with 80W Fast Charging,"6.67 inches, 1080 x 2400 px, 120 Hz Display with Punch Hole",50 MP + 2 MP Dual Rear & 16 MP Front Camera,Android v15
Infinix Note 60 Ultra,4.65,"₹31,990","Dual Sim, 5G, VoLTE, NFC, eSIM, Wi-Fi, IR Blaster","Dimensity 8400 Ultimate, Octa Core, 3.25 GHz Processor","12 GB RAM, 256 GB inbuilt",7000 mAh Battery with 100W Fast Charging,"6.78 inches, 1208 x 2644 px, 144 Hz Display with Punch Hole",200 MP + 50 MP + 8 MP Triple Rear & 32 MP Front Camera,"Memory Card Supported, upto 1 TB"
Vivo Y37c,4.25,"₹7,999","Dual Sim, 5G, VoLTE, Wi-Fi","Unisoc T7225, Octa Core Processor","6 GB RAM, 128 GB inbuilt",5500 mAh Battery with 15W Fast Charging,"6.56 inches, 720 x 1612 px, 90 Hz Display with Water Drop Notch",13 MP + Ultra Wide Dual Rear & 5 MP Front Camera,"Memory Card Supported, upto 1 TB"
iQOO Z11 Turbo,4.05,"₹31,990","Dual Sim, 5G, VoLTE, NFC, Wi-Fi, IR Blaster","Snapdragon 8 Gen5, Octa Core, 3.8 GHz Processor","12 GB RAM, 256 GB inbuilt",7600 mAh Battery with 100W Fast Charging,"6.59 inches, 1260 x 2750 px, 144 Hz Display with Punch Hole",200 MP + 8 MP Dual Rear & 32 MP Front Camera,Android v16
Oppo Find X9s,4.55,"₹64,990","Dual Sim, 5G, VoLTE, NFC, eSIM, Wi-Fi, IR Blaster","Dimensity 9500s, Octa Core, 3.73 GHz Processor","12 GB RAM, 256 GB inbuilt",7025 mAh Battery with 100W Fast Charging,"6.59 inches, 1216 x 2640 px, 120 Hz Display with Punch Hole",50 MP + 50 MP + 50 MP Triple Rear & 32 MP Front Camera,Android v16
Motorola Moto G37,4.6,"₹21,990","Dual Sim, 5G, NFC, Wi-Fi","Dimensity 6400, Octa Core Processor","4 GB RAM, 64 GB inbuilt",5200 mAh Battery with 20W Fast Charging,"6.7 inches, 720 x 1604 px, 120 Hz Display",50 MP Dual Rear & 8 MP Front Camera,Memory Card Supported
Tecno Camon 40 Pro 5G,4.35,"₹25,990","Dual Sim, 5G, VoLTE, NFC, Wi-Fi, IR Blaster","Dimensity 7300, Octa Core, 2.5 GHz Processor","8 GB RAM, 256 GB inbuilt",5200 mAh Battery with 45W Fast Charging,"6.78 inches, 1080 x 2436 px, 144 Hz Display with Punch Hole",50 MP + 8 MP Dual Rear & 50 MP Front Camera,Android v15
Motorola Moto G37 Power,4.25,"₹29,999","Dual Sim, 5G, NFC, Wi-Fi","Dimensity 6400, Octa Core Processor","4 GB RAM, 128 GB inbuilt",7000 mAh Battery with 30W Fast Charging,"6.7 inches, 720 x 1604 px, 120 Hz Display with Punch Hole",50 MP Dual Rear & 8 MP Front Camera,Memory Card Supported
OPPO K15 Pro,4.4,"₹42,999","Dual Sim, 5G, VoLTE, NFC, Wi-Fi, IR Blaster","Dimensity 8500, Octa Core, 3.4 GHz Processor","12 GB RAM, 256 GB inbuilt",7500 mAh Battery with 80W Fast Charging,"6.59 inches, 1256 x 2760 px, 144 Hz Display with Punch Hole",50 MP + 8 MP Dual Rear & 16 MP Front Camera,Memory Card Not Supported
Realme Neo 8,4.35,"₹29,990","Dual Sim, 5G, VoLTE, Vo5G, NFC, Wi-Fi, IR Blaster","Snapdragon 8 Gen5, Octa Core, 3.8 GHz Processor","12 GB RAM, 256 GB inbuilt",8000 mAh Battery with 80W Fast Charging,"6.78 inches, 1272 x 2772 px, 165 Hz Display with Punch Hole",50 MP + 50 MP + 8 MP Triple Rear & 16 MP Front Camera,Android v16
Honor WIN RT,4.5,"₹34,999","Dual Sim, 5G, VoLTE, NFC, Wi-Fi, IR Blaster","Snapdragon 8 Elite, Octa Core, 4.32 GHz Processor","12 GB RAM, 256 GB inbuilt",10000 mAh Battery with 100W Fast Charging,"6.83 inches, 1272 x 2800 px, 185 Hz Display with Punch Hole",50 MP + 12 MP Dual Rear & 50 MP Front Camera,Android v16
Red Magic 11 Pro,4.6,"₹60,990","Dual Sim, 5G, VoLTE, NFC, Wi-Fi, IR Blaster","Snapdragon 8 Elite Gen 5, Octa Core, 4.6 GHz Processor","12 GB RAM, 256 GB inbuilt",8000 mAh Battery with 80W Fast Charging,"6.85 inches, 1216 x 2688 px, 144 Hz Display",50 MP + 50 MP + 2 MP Triple Rear & 16 MP Front Camera,Memory Card Not Supported
RedMagic 11 Pro Plus,4.3,"₹69,990","Dual Sim, 5G, NFC, Wi-Fi, IR Blaster","Snapdragon 8 Elite Gen 5, Octa Core, 4.6 GHz Processor","12 GB RAM, 256 GB inbuilt",7500 mAh Battery with 120W Fast Charging,"6.85 inches, 1216 x 2688 px, 144 Hz Display",50 MP + 50 MP + 2 MP Triple Rear & 16 MP Front Camera,Android v16
Honor 600 Lite 5G,4.05,"₹30,999","Dual Sim, 5G, VoLTE, NFC, Wi-Fi","Dimensity 7100, Octa Core, 2.4 GHz Processor","8 GB RAM, 256 GB inbuilt",6520 mAh Battery with 45W Fast Charging,"6.6 inches, 1200 x 2600 px, 120 Hz Display with Small Notch",108 MP + 5 MP Dual Rear & 16 MP Front Camera,Android v16
Tecno Camon 50 Pro 5G,4.35,"₹34,990","Dual Sim, 5G, NFC, Wi-Fi, IR Blaster","Dimensity 7400, Octa Core, 2.6 GHz Processor","8 GB RAM, 256 GB inbuilt",6500 mAh Battery with Fast Charging,"6.78 inches, 1208 x 2644 px, 144 Hz Display",50 MP + 50 MP + 8 MP Triple Rear & 50 MP Front Camera,Android v16
Vivo Y600 Pro 5G,4.75,"₹27,990","Dual Sim, 5G, VoLTE, NFC, Wi-Fi, IR Blaster","Dimensity 7300e, Octa Core, 2.5 GHz Processor","8 GB RAM, 128 GB inbuilt",10200 mAh Battery with 90W Fast Charging,"6.83 inches, 1260 x 2800 px, 120 Hz Display with Punch Hole",50 MP Rear & 32 MP Front Camera,Android v16
iQOO Z10 Turbo Pro,4.5,"₹23,990","Dual Sim, 5G, VoLTE, NFC, Wi-Fi, IR Blaster","Snapdragon 8s Gen4, Octa Core, 3.2 GHz Processor","12 GB RAM, 256 GB inbuilt",7000 mAh Battery with 120W Fast Charging,"6.78 inches, 1260 x 2800 px, 120 Hz Display with Punch Hole",50 MP + 8 MP Dual Rear & 16 MP Front Camera,Android v15
Vivo X200 FE,4.65,"₹54,999","Dual Sim, 5G, VoLTE, NFC, Wi-Fi, IR Blaster","Dimensity 9300 Plus, Octa Core, 3.25 GHz Processor","12 GB RAM, 256 GB inbuilt",6500 mAh Battery with 90W Fast Charging,"6.31 inches, 1216 x 2640 px, 120 Hz Display with Punch Hole",50 MP + 50 MP + 8 MP Triple Rear & 50 MP Front Camera,Memory Card Not Supported
Honor Magic 8 Pro Air,4.25,"₹49,990","Dual Sim, 5G, NFC, Wi-Fi","Dimensity 9500, Octa Core, 4.21 GHz Processor","12 GB RAM, 256 GB inbuilt",5500 mAh Battery with 80W Fast Charging,"6.31 inches, 1216 x 2640 px, 120 Hz Display with Punch Hole",64 MP + 50 MP + 50 MP Triple Rear & 50 MP Front Camera,Android v16
Xiaomi Redmi Turbo 5 Max,4.75,"₹39,999","Dual Sim, 5G, VoLTE, NFC, Wi-Fi, IR Blaster","Dimensity 9500s, Octa Core, 3.73 GHz Processor","12 GB RAM, 256 GB inbuilt",9000 mAh Battery with 100W Fast Charging,"6.83 inches, 1280 x 2772 px, 120 Hz Display with Punch Hole",50 MP + 8 MP Dual Rear & 20 MP Front Camera,Android v16
Infinix Smart 10 HD,4.45,"₹4,999","Dual Sim, 4G, VoLTE, Wi-Fi, IR Blaster","Octa Core, 1.6 GHz Processor","2 GB RAM, 64 GB inbuilt",5000 mAh Battery with 10W Fast Charging,"6.6 inches, 720 x 1612 px, 90 Hz Display with Punch Hole",13 MP Rear & 8 MP Front Camera,Memory Card Supported
OPPO K15 Pro Plus,4.4,"₹49,999","Dual Sim, 5G, VoLTE, NFC, Wi-Fi, IR Blaster","Dimensity 9500s, Octa Core, 3.73 GHz Processor","12 GB RAM, 256 GB inbuilt",8000 mAh Battery with 100W Fast Charging,"6.78 inches, 1272 x 2772 px, 165 Hz Display with Punch Hole",50 MP + 8 MP Dual Rear & 16 MP Front Camera,Memory Card Not Supported
Vivo Y500 5G,4.1,"₹17,990","Dual Sim, 5G, VoLTE, NFC, Wi-Fi","Dimensity 7300, Octa Core, 2.5 GHz Processor","8 GB RAM, 128 GB inbuilt",8200 mAh Battery with 90W Fast Charging,"6.77 inches, 1080 x 2392 px, 120 Hz Display with Punch Hole",50 MP + 2 MP Dual Rear & 8 MP Front Camera,"Memory Card (Hybrid), upto 2 TB"
Honor 600,4.1,"₹59,999","Dual Sim, 5G, VoLTE, NFC, Wi-Fi, IR Blaster","Snapdragon 7 Gen4, Octa Core, 2.8 GHz Processor","8 GB RAM, 128 GB inbuilt",8600 mAh Battery with 80W Fast Charging,"6.57 inches, 1264 x 2728 px, 120 Hz Display with Punch Hole",200 MP + 12 MP Dual Rear & 50 MP Front Camera,Android v16
Honor X9d,4.4,"₹31,990","Dual Sim, 5G, NFC, Wi-Fi, IR Blaster","Snapdragon 6 Gen4, Octa Core, 2.3 GHz Processor","12 GB RAM, 256 GB inbuilt",8300 mAh Battery with 66W Fast Charging,"6.79 inches, 1200 x 2640 px, 120 Hz Display with Punch Hole",108 MP + 5 MP Dual Rear & 16 MP Front Camera,Android v15
Vivo V60 Lite 5G,4.65,"₹24,990","Dual Sim, 5G, VoLTE, NFC, Wi-Fi","Dimensity 7360 Turbo, Octa Core, 2.5 GHz Processor","8 GB RAM, 256 GB inbuilt",6500 mAh Battery with 90W Fast Charging,"6.77 inches, 1080 x 2392 px, 120 Hz Display with Punch Hole",50 MP + 8 MP Dual Rear & 32 MP Front Camera,Android v15
Infinix Note 50 Pro Plus 5G,4.6,"₹31,990","Dual Sim, 5G, VoLTE, NFC, Wi-Fi, IR Blaster","Dimensity 8350, Octa Core, 3.35 GHz Processor","12 GB RAM, 256 GB inbuilt",5200 mAh Battery with 100W Fast Charging,"6.78 inches, 1080 x 2436 px, 144 Hz Display with Punch Hole",50 MP + 50 MP + 8 MP Triple Rear & 32 MP Front Camera,Android v15
Vivo Y03,4,"₹6,990","Dual Sim, 4G, VoLTE, Wi-Fi","Helio G85, Octa Core, 2 GHz Processor","4 GB RAM, 64 GB inbuilt",5000 mAh Battery with 15W Fast Charging,"6.56 inches, 720 x 1612 px, 90 Hz Display with Water Drop Notch",13 MP + 0.08 MP Dual Rear & 5 MP Front Camera,"Memory Card Supported, upto 1 TB"
Infinix GT 50 Pro,4.7,"₹37,990","Dual Sim, 5G, VoLTE, NFC, Wi-Fi, IR Blaster","Dimensity 8400 Ultimate, Octa Core, 3.25 GHz Processor","12 GB RAM, 256 GB inbuilt",6150 mAh Battery with 45W Fast Charging,"6.78 inches, 1208 x 2644 px, 144 Hz Display with Punch Hole",50 MP + 8 MP Dual Rear & 13 MP Front Camera,Android v16
Oppo Find N6,4.05,"₹1,29,990","Dual Sim, 5G, VoLTE, NFC, Wi-Fi, IR Blaster","Snapdragon 8 Elite Gen 5, Octa Core, 4.6 GHz Processor","12 GB RAM, 256 GB inbuilt",6000 mAh Battery with 80W Fast Charging,"8.12 inches, 2248 x 2480 px, 120 Hz Display with Punch Hole","Foldable Display, Dual Display",200 MP + 50 MP + 50 MP Triple Rear & 20 MP + 20 MP Dual Front Camera
iQOO Z10 Turbo,4.45,"₹21,990","Dual Sim, 5G, VoLTE, NFC, Wi-Fi, IR Blaster","Dimensity 8400, Octa Core, 3.25 GHz Processor","12 GB RAM, 256 GB inbuilt",7620 mAh Battery with 90W Fast Charging,"6.78 inches, 1260 x 2800 px, 144 Hz Display with Punch Hole",50 MP + 2 MP Dual Rear & 16 MP Front Camera,Android v15
Xiaomi Redmi Turbo 5,4.45,"₹39,999","Dual Sim, 5G, VoLTE, NFC, Wi-Fi, IR Blaster","Dimensity 8500 Ultra, Octa Core, 3.4 GHz Processor","12 GB RAM, 256 GB inbuilt",9000 mAh Battery with 100W Fast Charging,"6.59 inches, 1268 x 2756 px, 120 Hz Display with Punch Hole",50 MP + 8 MP Dual Rear & 20 MP Front Camera,Android v16
OPPO Find X9s Pro,4.35,"₹79,990","Dual Sim, 5G, VoLTE, NFC, Wi-Fi, IR Blaster","Dimensity 9500, Octa Core, 4.21 GHz Processor","12 GB RAM, 256 GB inbuilt",7025 mAh Battery with 80W Fast Charging,"6.32 inches, 1216 x 2640 px, 144 Hz Display with Punch Hole",200 MP + 200 MP + 50 MP Triple Rear & 32 MP Front Camera,Memory Card Not Supported
Tecno Camon 50 Ultra,4.25,"₹34,990","Dual Sim, 5G, NFC, Wi-Fi, IR Blaster","Dimensity 7400 Ultimate, Octa Core, 2.6 GHz Processor","8 GB RAM, 256 GB inbuilt",6500 mAh Battery,"6.78 inches, 1208 x 2644 px, 144 Hz Display",50 MP + 50 MP + 8 MP Triple Rear & 50 MP Front Camera,Android v16
OnePlus Turbo 6V,4.2,"₹24,990","Dual Sim, 5G, VoLTE, NFC, Wi-Fi, IR Blaster","Snapdragon 7s Gen 4, Octa Core, 2.7 GHz Processor","8 GB RAM, 256 GB inbuilt",9000 mAh Battery with 80W Fast Charging,"6.78 inches, 1272 x 2772 px, 144 Hz Display with Punch Hole",50 MP Dual Rear & 16 MP Front Camera,Memory Card Not Supported
Huawei Pura X Max,4.2,"₹1,49,990","Dual Sim, 5G, NFC, eSIM, Wi-Fi, IR Blaster","Kirin 9030, 2.75 GHz Processor","12 GB RAM, 256 GB inbuilt",5300 mAh Battery with 66W Fast Charging,"7.7 inches, 1828 x 2584 px, 120 Hz Display with Punch Hole","Foldable Display, Dual Display",50 MP + 50 MP + 12.5 MP Triple Rear & 8 MP + 8 MP Dual Front Camera
Vivo Y04,4.45,"₹8,990","Dual Sim, 4G, VoLTE, Wi-Fi","Unisoc T7225, Octa Core, 2 GHz Processor","4 GB RAM, 64 GB inbuilt",5000 mAh Battery with 18W Fast Charging,"6.74 inches, 720 x 1600 px, 90 Hz Display with Water Drop Notch",13 MP + 0.08 MP Dual Rear & 5 MP Front Camera,"Memory Card Supported, upto 1 TB"
Nubia Z70 Ultra,4.4,"₹53,990","Dual Sim, 5G, VoLTE, NFC, Wi-Fi, IR Blaster","Snapdragon 8 Elite, Octa Core, 4.32 GHz Processor","12 GB RAM, 256 GB inbuilt",6150 mAh Battery with 80W Fast Charging,"6.85 inches, 1216 x 2688 px, 144 Hz Display",64 MP + 50 MP + 50 MP Triple Rear & 16 MP Front Camera,Android v15
OnePlus Nord CE 4 Lite 5G,4.7,"₹19,999","Dual Sim, 5G, VoLTE, Wi-Fi","Snapdragon 695, Octa Core, 2.2 GHz Processor","8 GB RAM, 128 GB inbuilt",5500 mAh Battery with 80W Fast Charging,"6.67 inches, 1080 x 2400 px, 120 Hz Display with Punch Hole",50 MP + 2 MP Dual Rear & 16 MP Front Camera,"Memory Card (Hybrid), upto 2 TB"
Sony Xperia 1 VII,4.7,"₹1,40,990","Dual Sim, 5G, VoLTE, NFC, eSIM, Wi-Fi","Snapdragon 8 Elite, Octa Core, 4.32 GHz Processor","12 GB RAM, 256 GB inbuilt",5000 mAh Battery with 30W Fast Charging,"6.5 inches, 1080 x 2340 px, 120 Hz Display",48 MP + 48 MP + 12 MP Triple Rear & 12 MP Front Camera,Memory Card (Hybrid)
Huawei Nova 15 Max,4.1,"₹59,990","Dual Sim, 5G, VoLTE, NFC, Wi-Fi, IR Blaster",Octa Core Processor,"8 GB RAM, 256 GB inbuilt",8500 mAh Battery with 40W Fast Charging,"6.84 inches, 1272 x 2756 px, 120 Hz Display with Punch Hole",50 MP Rear & 8 MP Front Camera,Memory Card Supported
Xiaomi 17 Pro Max,4.45,"₹1,05,990","Dual Sim, 5G, VoLTE, Vo5G, NFC, Wi-Fi, IR Blaster","Snapdragon 8 Elite Gen 5, Octa Core, 4.6 GHz Processor","12 GB RAM, 512 GB inbuilt",7500 mAh Battery with 100W Fast Charging,"6.9 inches, 1200 x 2608 px, 120 Hz Display with Punch Hole",Dual Display,50 MP + 50 MP + 50 MP Triple Rear & 50 MP Front Camera
Samsung Galaxy Z Fold 8,4.6,"₹1,99,999","Dual Sim, 5G, VoLTE, Vo5G, NFC, eSIM, Wi-Fi","Snapdragon 8 Elite Gen 5, Octa Core, 4.6 GHz Processor","12 GB RAM, 256 GB inbuilt",4800 mAh Battery with 25W Fast Charging,"8 inches, 1968 x 2184 px, 120 Hz Display with Punch Hole","Foldable Display, Dual Display",200 MP + 50 MP + 12 MP Triple Rear & 12 MP + 12 MP Dual Front Camera
OnePlus Ace 6,4.5,"₹31,990","Dual Sim, 5G, VoLTE, Vo5G, NFC, Wi-Fi, IR Blaster","Snapdragon 8 Elite, Octa Core, 4.32 GHz Processor","12 GB RAM, 256 GB inbuilt",7800 mAh Battery with 120W Fast Charging,"6.83 inches, 1272 x 2800 px, 165 Hz Display with Punch Hole",50 MP + 16 MP Dual Rear & 16 MP Front Camera,Memory Card Not Supported
Red Magic 11 Air,4.35,"₹46,990","Dual Sim, 5G, VoLTE, NFC, Wi-Fi, IR Blaster","Snapdragon 8 Elite, Octa Core, 4.32 GHz Processor","12 GB RAM, 256 GB inbuilt",7000 mAh Battery with 120W Fast Charging,"6.85 inches, 1216 x 2688 px, 144 Hz Display",50 MP + 8 MP Dual Rear & 16 MP Front Camera,Android v16
Honor Power 2,4.15,"₹34,990","Dual Sim, 5G, VoLTE, NFC, Wi-Fi, IR Blaster","Dimensity 8500, Octa Core, 3.4 GHz Processor","12 GB RAM, 256 GB inbuilt",10080 mAh Battery with 80W Fast Charging,"6.79 inches, 1200 x 2640 px, 120 Hz Display with Punch Hole",50 MP + 5 MP Dual Rear & 16 MP Front Camera,Android v16
Realme Note 60x,4.25,"₹6,299","Dual Sim, 4G, VoLTE, Wi-Fi","Unisoc T612, Octa Core, 1.8 GHz Processor","4 GB RAM, 64 GB inbuilt",5000 mAh Battery with 10W Fast Charging,"6.74 inches, 720 x 1600 px, 90 Hz Display with Punch Hole",8 MP Rear & 5 MP Front Camera,"Memory Card Supported, upto 1 TB"
Realme C2s,3.45,"₹3,499","Dual Sim, 4G, VoLTE, Wi-Fi","Helio  P22 , Octa Core, 2 GHz Processor","3 GB RAM, 32 GB inbuilt",4000 mAh Battery,"6.1 inches, 720 x 1560 px Display with Water Drop Notch",13 MP + 2 MP Dual Rear & 5 MP Front Camera,"Memory Card Supported, upto 128 GB"
Huawei Pura 90 Pro,4.4,"₹89,990","Dual Sim, 5G, NFC, Wi-Fi, IR Blaster","Kirin 9030S, Octa Core Processor","12 GB RAM, 256 GB inbuilt",6000 mAh Battery with 66W Fast Charging,"6.6 inches, 1256 x 2760 px, 120 Hz Display with Punch Hole",50 MP + 50 MP + 12.5 MP Triple Rear & 13 MP Front Camera,HarmonyOS v6.1
Tecno Pova 7 Ultra,4.35,"₹22,990","Dual Sim, 5G, VoLTE, NFC, Wi-Fi, IR Blaster","Dimensity 8350, Octa Core, 3.35 GHz Processor","8 GB RAM, 256 GB inbuilt",6000 mAh Battery with 70W Fast Charging,"6.67 inches, 1260 x 2800 px, 144 Hz Display with Punch Hole",108 MP + 8 MP Dual Rear & 13 MP Front Camera,Android v15
iQOO 15 Ultra,4.75,"₹99,990","Dual Sim, 5G, VoLTE, NFC, Wi-Fi, IR Blaster","Snapdragon 8 Elite Gen 5, Octa Core, 4.6 GHz Processor","16 GB RAM, 256 GB inbuilt",7400 mAh Battery with 100W Fast Charging,"6.85 inches, 1440 x 3168 px, 144 Hz Display with Punch Hole",50 MP + 50 MP + 50 MP Triple Rear & 32 MP Front Camera,Android v16
Xiaomi Redmi Turbo 4,4.75,"₹23,990","Dual Sim, 5G, VoLTE, NFC, Wi-Fi, IR Blaster","Dimensity 8400 Ultra, Octa Core, 3.25 GHz Processor","12 GB RAM, 256 GB inbuilt",6550 mAh Battery with 90W Fast Charging,"6.67 inches, 1220 x 2712 px, 120 Hz Display with Punch Hole",50 MP + 8 MP Dual Rear & 20 MP Front Camera,Android v15
Infinix Note 60,4.4,"₹19,990","Dual Sim, 5G, VoLTE, NFC, Wi-Fi, IR Blaster","Dimensity 7400, Octa Core, 2.6 GHz Processor","8 GB RAM, 128 GB inbuilt",6500 mAh Battery with 45W Fast Charging,"6.78 inches, 1208 x 2644 px, 144 Hz Display with Punch Hole",50 MP + 8 MP Dual Rear & 13 MP Front Camera,"Memory Card Supported, upto 2 TB"
Acer Super ZX,4.3,"₹9,990","Dual Sim, 5G, VoLTE, Wi-Fi","Dimensity 6300, Octa Core, 2.4 GHz Processor","4 GB RAM, 128 GB inbuilt",5000 mAh Battery with 33W Fast Charging,"6.8 inches, 1080 x 2400 px, 120 Hz Display with Punch Hole",64 MP + 2 MP + 2 MP Triple Rear & 13 MP Front Camera,Android v15
Vivo Y31d,4.1,"₹11,990","Dual Sim, 4G, VoLTE, Wi-Fi, IR Blaster","Snapdragon 6s Gen 2 4G, Octa Core, 2.9 GHz Processor","6 GB RAM, 128 GB inbuilt",7200 mAh Battery with 444W Fast Charging,"6.75 inches, 720 x 1570 px, 120 Hz Display with Punch Hole",50 MP Dual Rear & 8 MP Front Camera,Android v16
Motorola Moto G56 5G,4.55,"₹15,990","Dual Sim, 5G, VoLTE, eSIM, Wi-Fi","Dimensity 7060, Octa Core, 2.6 GHz Processor","8 GB RAM, 256 GB inbuilt",5200 mAh Battery with 30W Fast Charging,"6.72 inches, 1080 x 2400 px, 120 Hz Display with Punch Hole",50 MP + 8 MP Dual Rear & 32 MP Front Camera,"Memory Card (Hybrid), upto 1 TB"
Vivo V70 5G (12GB RAM + 512GB),4.1,"₹54,999","Dual Sim, 5G, VoLTE, NFC, Wi-Fi, IR Blaster","Snapdragon 7 Gen4, Octa Core, 2.8 GHz Processor","12 GB RAM, 512 GB inbuilt",6500 mAh Battery with 90W Fast Charging,"6.59 inches, 1260 x 2750 px, 120 Hz Display with Punch Hole",50 MP + 50 MP + 8 MP Triple Rear & 50 MP Front Camera,Memory Card Not Supported
Poco F8 Ultra,4.3,"₹64,990","Dual Sim, 5G, VoLTE, NFC, Wi-Fi, IR Blaster","Snapdragon 8 Elite Gen 5, Octa Core, 4.6 GHz Processor","12 GB RAM, 256 GB inbuilt",6500 mAh Battery with 100W Fast Charging,"6.9 inches, 1200 x 2608 px, 120 Hz Display with Punch Hole",50 MP + 50 MP + 50 MP Triple Rear & 32 MP Front Camera,Memory Card Not Supported
iQOO Z10 Turbo Plus,4.25,"₹25,999","Dual Sim, 5G, VoLTE, NFC, Wi-Fi, IR Blaster","Dimensity 9400 Plus, Octa Core, 3.63 GHz Processor","12 GB RAM, 256 GB inbuilt",8000 mAh Battery with 80W Fast Charging,"6.78 inches, 1260 x 2800 px, 144 Hz Display with Punch Hole",50 MP + 8 MP Dual Rear & 16 MP Front Camera,Android v15
Realme Narzo 80x 5G,4.35,"₹13,999","Dual Sim, 5G, VoLTE, Wi-Fi","Dimensity 6400, Octa Core, 2.5 GHz Processor","6 GB RAM, 128 GB inbuilt",6000 mAh Battery with 45W Fast Charging,"6.72 inches, 1080 x 2400 px, 120 Hz Display with Punch Hole",50 MP + 2 MP Dual Rear & 8 MP Front Camera,Memory Card (Hybrid)
OnePlus 13T,4.35,"₹39,990","Dual Sim, 5G, VoLTE, Vo5G, NFC, eSIM, Wi-Fi, IR Blaster","Snapdragon 8 Elite, Octa Core, 4.32 GHz Processor","12 GB RAM, 256 GB inbuilt",6260 mAh Battery with 80W Fast Charging,"6.32 inches, 1216 x 2640 px, 120 Hz Display with Punch Hole",50 MP + 50 MP Dual Rear & 16 MP Front Camera,Memory Card Not Supported
Oppo A6c,4.25,"₹11,990","Dual Sim, 4G, Wi-Fi","Snapdragon 685, Octa Core, 2.8 GHz Processor","6 GB RAM, 128 GB inbuilt",6500 mAh Battery with Fast Charging,"6.75 inches, 720 x 1570 px, 120 Hz Display with Punch Hole",13 MP Rear & 5 MP Front Camera,Memory Card Supported
Honor Win,4.55,"₹49,990","Dual Sim, 5G, VoLTE, NFC, Wi-Fi, IR Blaster","Snapdragon 8 Elite Gen 5, Octa Core, 4.6 GHz Processor","12 GB RAM, 256 GB inbuilt",10000 mAh Battery with 100W Fast Charging,"6.83 inches, 1272 x 2800 px, 185 Hz Display with Punch Hole",50 MP + 50 MP + 12 MP Triple Rear & 50 MP Front Camera,Android v16
HMD Fuse,4.35,"₹8,990","Dual Sim, 5G, VoLTE, NFC, eSIM, Wi-Fi","Snapdragon 4 Gen2, Octa Core, 2.2 GHz Processor","6 GB RAM, 128 GB inbuilt",5000 mAh Battery with 33W Fast Charging,"6.56 inches, 720 x 1612 px, 90 Hz Display with Punch Hole",108 MP + 2 MP Dual Rear & 50 MP Front Camera,"Memory Card (Hybrid), upto 1 TB"
Realme C75,4.05,"₹9,990","Dual Sim, 4G, VoLTE, NFC, Wi-Fi","Helio G92 Max, Octa Core, 2 GHz Processor","8 GB RAM, 128 GB inbuilt",6000 mAh Battery with 45W Fast Charging,"6.72 inches, 1080 x 2400 px Display with Punch Hole",50 MP Dual Rear & 8 MP Front Camera,Memory Card Supported
Light Phone 2,4.05,"₹24,990","Single Sim, 4G, VoLTE","Snapdragon 210, Quad Core, 1.1 GHz Processor","1 GB RAM, 8 GB inbuilt",950 mAh Battery,2.8 inches Display,No Rear Camera,Light OS
Infinix Note 50,4.5,"₹14,990","Dual Sim, 4G, VoLTE, NFC, Wi-Fi, IR Blaster","Helio G100, Octa Core, 2.2 GHz Processor","8 GB RAM, 256 GB inbuilt",5200 mAh Battery with 45W Fast Charging,"6.78 inches, 1080 x 2436 px, 144 Hz Display with Punch Hole",50 MP + 2 MP Dual Rear & 13 MP Front Camera,"Memory Card Supported, upto 2 TB"
OnePlus Ace 6 Ultra,4.75,"₹44,990","Dual Sim, 5G, VoLTE, Vo5G, NFC, Wi-Fi, IR Blaster","Dimensity 9500, Octa Core, 4.21 GHz Processor","12 GB RAM, 256 GB inbuilt",8600 mAh Battery with 120W Fast Charging,"6.78 inches, 1272 x 2772 px, 165 Hz Display with Punch Hole",50 MP + 8 MP Dual Rear & 16 MP Front Camera,Memory Card Not Supported
Motorola Moto G06,4.6,"₹7,999","Dual Sim, 4G, VoLTE, NFC, Wi-Fi","Helio G81 Ultra, Octa Core, 2 GHz Processor","4 GB RAM, 64 GB inbuilt",5200 mAh Battery with 10W Fast Charging,"6.88 inches, 720 x 1640 px, 120 Hz Display with Punch Hole",50 MP Rear & 8 MP Front Camera,"Memory Card Supported, upto 1 TB"
Asus ROG Phone 9 Pro,4.4,"₹1,01,990","Dual Sim, 5G, VoLTE, NFC, eSIM, Wi-Fi","Snapdragon 8 Elite, Octa Core, 4.32 GHz Processor","16 GB RAM, 512 GB inbuilt",5800 mAh Battery with 65W Fast Charging,"6.78 inches, 1080 x 2400 px, 185 Hz Display with Punch Hole",50 MP + 32 MP + 13 MP Triple Rear & 32 MP Front Camera,Android v15
Realme GT 6,4.15,"₹27,999","Dual Sim, 5G, VoLTE, Vo5G, NFC, Wi-Fi, IR Blaster","Snapdragon 8s Gen3, Octa Core, 3 GHz Processor","8 GB RAM, 256 GB inbuilt",5500 mAh Battery with 120W Fast Charging,"6.78 inches, 1264 x 2780 px, 120 Hz Display with Punch Hole",50 MP + 50 MP + 8 MP Triple Rear & 32 MP Front Camera,Memory Card Not Supported
Honor X7d 5G,4.45,"₹14,999","Dual Sim, 5G, NFC, Wi-Fi","Snapdragon 6s Gen3, Octa Core, 2.3 GHz Processor","6 GB RAM, 128 GB inbuilt",6500 mAh Battery with 35W Fast Charging,"6.77 inches, 720 x 1610 px, 120 Hz Display with Punch Hole",50 MP + 2 MP Dual Rear & 5 MP Front Camera,Android v15
OnePlus Turbo 6,4.55,"₹29,999","Dual Sim, 5G, VoLTE, NFC, Wi-Fi, IR Blaster","Snapdragon 8s Gen4, Octa Core, 3.2 GHz Processor","12 GB RAM, 256 GB inbuilt",9000 mAh Battery with 80W Fast Charging,"6.78 inches, 1272 x 2772 px, 165 Hz Display with Punch Hole",50 MP Dual Rear & 16 MP Front Camera,Memory Card Not Supported
Realme GT 10000 mAh,4.25,"₹34,990","Dual Sim, 5G, VoLTE, Vo5G, NFC, Wi-Fi, IR Blaster",Octa Core Processor,"8 GB RAM, 256 GB inbuilt",10000 mAh Battery with 320W Fast Charging,"6.8 inches, 1264 x 2780 px, 144 Hz Display with Punch Hole",50 MP + 50 MP Dual Rear & 32 MP Front Camera,Memory Card Not Supported
Vivo S30 Pro Mini,4.65,"₹40,990","Dual Sim, 5G, VoLTE, Vo5G, NFC, Wi-Fi, IR Blaster","Dimensity 9300 Plus, Octa Core, 3.4 GHz Processor","12 GB RAM, 256 GB inbuilt",6500 mAh Battery with 90W Fast Charging,"6.31 inches, 1216 x 2640 px, 120 Hz Display with Punch Hole",50 MP + 50 MP + 8 MP Triple Rear & 50 MP Front Camera,Memory Card Not Supported
Oppo Reno 15F,4.5,"₹39,999","Dual Sim, 5G, NFC, Wi-Fi","Snapdragon 6 Gen1, Octa Core, 2.2 GHz Processor","8 GB RAM, 128 GB inbuilt",7000 mAh Battery with 80W Fast Charging,"6.57 inches, 1080 x 2372 px, 120 Hz Display",50 MP + 8 MP + 2 MP Triple Rear & 50 MP Front Camera,Memory Card Supported
Infinix Hot 60 Pro Plus,4.1,"₹19,990","Dual Sim, 4G, NFC, Wi-Fi, IR Blaster","Helio G200, Octa Core, 2.2 GHz Processor","8 GB RAM, 128 GB inbuilt",5160 mAh Battery with 45W Fast Charging,"6.78 inches, 1224 x 2720 px, 144 Hz Display with Punch Hole",50 MP Rear & 13 MP Front Camera,Android v15
Tecno Spark 40,4.6,"₹10,999","Dual Sim, 4G, VoLTE, Wi-Fi, IR Blaster","Helio G81, Octa Core, 2 GHz Processor","4 GB RAM, 128 GB inbuilt",5200 mAh Battery with 45W Fast Charging,"6.67 inches, 720 x 1600 px, 120 Hz Display with Punch Hole",50 MP Rear & 8 MP Front Camera,Memory Card Supported
Vivo Y29s 5G,4.35,"₹15,990","Dual Sim, 5G, VoLTE, Wi-Fi","Dimensity 6300, Octa Core, 2.4 GHz Processor","8 GB RAM, 256 GB inbuilt",5500 mAh Battery with 15W Fast Charging,"6.74 inches, 720 x 1600 px, 90 Hz Display with Punch Hole",50 MP + 0.08 MP Dual Rear & 5 MP Front Camera,"Memory Card Supported, upto 2 TB"
Motorola Moto G87,4.55,"₹27,990","Dual Sim, 5G, VoLTE, NFC, eSIM, Wi-Fi","Dimensity 6400, Octa Core, 2.5 GHz Processor","8 GB RAM, 256 GB inbuilt",5200 mAh Battery with 30W Fast Charging,"6.78 inches, 1272 x 2772 px, 120 Hz Display with Punch Hole",200 MP + 8 MP Dual Rear & 32 MP Front Camera,Memory Card (Hybrid)
Vivo Y03t,4.55,"₹6,499","Dual Sim, 4G, VoLTE, Wi-Fi","Unisoc T612, Octa Core, 1.8 GHz Processor","4 GB RAM, 64 GB inbuilt",5000 mAh Battery with 15W Fast Charging,"6.56 inches, 720 x 1612 px, 90 Hz Display with Water Drop Notch",13 MP + 0.08 MP Dual Rear & 5 MP Front Camera,Memory Card Supported
Nubia Red Magic 10 Pro 5G,4.05,"₹59,990","Dual Sim, 5G, VoLTE, NFC, Wi-Fi, IR Blaster","Snapdragon 8 Elite, Octa Core, 4.32 GHz Processor","12 GB RAM, 256 GB inbuilt",6500 mAh Battery with 80W Fast Charging,"6.85 inches, 1216 x 2688 px, 144 Hz Display",50 MP + 50 MP + 2 MP Triple Rear & 16 MP Front Camera,Memory Card Not Supported
Sony Xperia L5 5G,4.45,"₹15,990","Single Sim, 4G, VoLTE, NFC, Wi-Fi","Helio P35, Octa Core, 2.3 GHz Processor","4 GB RAM, 64 GB inbuilt",4000 mAh Battery with Fast Charging,"6.2 inches, 720 x 1680 px Display",13 MP + 5 MP + 2 MP Triple Rear & 8 MP Front Camera,"Memory Card (Hybrid), upto 512 GB"
Infinix Hot 60 Pro,4.65,"₹13,990","Dual Sim, 4G, VoLTE, NFC, Wi-Fi, IR Blaster","Helio G200, Octa Core, 2.2 GHz Processor","8 GB RAM, 128 GB inbuilt",5160 mAh Battery with 45W Fast Charging,"6.78 inches, 1224 x 2720 px, 144 Hz Display with Punch Hole",50 MP Rear & 13 MP Front Camera,Memory Card Supported
Honor 400 Lite,4.2,"₹34,990","Dual Sim, 5G, VoLTE, NFC, eSIM, Wi-Fi","Dimensity 7025 Ultra, Octa Core, 2.5 GHz Processor","8 GB RAM, 256 GB inbuilt",5230 mAh Battery with 35W Fast Charging,"6.7 inches, 1080 x 2412 px, 120 Hz Display with Small Notch",108 MP + 5 MP Dual Rear & 16 MP Front Camera,Android v15
Vivo Y19s,4.5,"₹8,990","Dual Sim, 4G, VoLTE, Wi-Fi","Unisoc T612, Octa Core, 1.8 GHz Processor","6 GB RAM, 128 GB inbuilt",5500 mAh Battery with 15W Fast Charging,"6.68 inches, 720 x 1608 px, 90 Hz Display with Water Drop Notch",50 MP Dual Rear & 5 MP Front Camera,Memory Card Supported
iQOO Z9s 5G,4.65,"₹25,490","Dual Sim, 5G, VoLTE, Wi-Fi","Dimensity 7300, Octa Core, 2.5 GHz Processor","8 GB RAM, 128 GB inbuilt",5500 mAh Battery with 44W Fast Charging,"6.77 inches, 1080 x 2392 px, 120 Hz Display with Punch Hole",50 MP + 2 MP Dual Rear & 16 MP Front Camera,Android v14
Poco F8 Pro,4.35,"₹44,990","Dual Sim, 5G, VoLTE, NFC, eSIM, Wi-Fi, IR Blaster","Snapdragon 8 Elite, Octa Core, 4.32 GHz Processor","12 GB RAM, 256 GB inbuilt",6210 mAh Battery with 100W Fast Charging,"6.59 inches, 1156 x 2510 px, 120 Hz Display with Punch Hole",50 MP + 50 MP + 8 MP Triple Rear & 20 MP Front Camera,Android v16
Xiaomi Redmi K90 Pro Max,4.05,"₹50,990","Dual Sim, 5G, VoLTE, Vo5G, NFC, Wi-Fi, IR Blaster","Snapdragon 8 Elite Gen 5, Octa Core, 4.6 GHz Processor","12 GB RAM, 256 GB inbuilt",7500 mAh Battery with 100W Fast Charging,"6.9 inches, 1200 x 2608 px, 120 Hz Display with Punch Hole",50 MP + 50 MP + 50 MP Triple Rear & 32 MP Front Camera,Android v16
Honor Play 10C,4.7,"₹7,999","Dual Sim, 5G, Wi-Fi","Dimensity 6300, Octa Core, 2.4 GHz Processor","4 GB RAM, 128 GB inbuilt",6000 mAh Battery with 15W Fast Charging,"6.61 inches, 720 x 1604 px, 120 Hz Display with Punch Hole",13 MP Rear & 5 MP Front Camera,Android v15
Vivo Y500 Pro 5G,4.3,"₹29,990","Dual Sim, 5G, VoLTE, NFC, Wi-Fi, IR Blaster","Dimensity 7400, Octa Core, 2.6 GHz Processor","8 GB RAM, 128 GB inbuilt",7000 mAh Battery with 90W Fast Charging,"6.67 inches, 1260 x 2800 px, 120 Hz Display with Punch Hole",200 MP Dual Rear & 32 MP Front Camera,Android v16
Vivo X200 Ultra,4.55,"₹76,990","Dual Sim, 5G, VoLTE, NFC, Wi-Fi, IR Blaster","Snapdragon 8 Elite, Octa Core, 4.32 GHz Processor","12 GB RAM, 256 GB inbuilt",6000 mAh Battery with 90W Fast Charging,"6.82 inches, 1440 x 3168 px, 120 Hz Display with Punch Hole",200 MP + 50 MP + 50 MP Triple Rear & 50 MP Front Camera,Android v15
Huawei Pura 80 Ultra,4.3,"₹1,18,990","Dual Sim, 5G, VoLTE, NFC, Wi-Fi, IR Blaster","Kirin 9020, Octa Core, 2.5 GHz Processor","16 GB RAM, 512 GB inbuilt",5700 mAh Battery with 100W Fast Charging,"6.8 inches, 1276 x 2848 px, 120 Hz Display with Punch Hole",50 MP + 50 MP + 40 MP Triple Rear & 13 MP Front Camera,HarmonyOS v5.1
Xiaomi Redmi K90,4.25,"₹35,990","Dual Sim, 5G, VoLTE, NFC, Wi-Fi, IR Blaster","Snapdragon 8 Elite, Octa Core, 4.32 GHz Processor","12 GB RAM, 256 GB inbuilt",7100 mAh Battery with 100W Fast Charging,"6.59 inches, 1156 x 2510 px, 120 Hz Display with Punch Hole",50 MP + 50 MP + 8 MP Triple Rear & 20 MP Front Camera,Android v16
Infinix Hot 50 Pro,4.35,"₹15,990","Dual Sim, 4G, VoLTE, NFC, Wi-Fi","Helio G100, Octa Core, 2.2 GHz Processor","8 GB RAM, 128 GB inbuilt",5000 mAh Battery with 33W Fast Charging,"6.78 inches, 1080 x 2436 px, 120 Hz Display with Punch Hole",50 MP + 2 MP Triple Rear & 8 MP Front Camera,"Memory Card Supported, upto 1 TB"
Infinix GT 50 Pro 5G (12GB RAM + 512GB),4.75,"₹42,990","Dual Sim, 5G, VoLTE, NFC, Wi-Fi, IR Blaster","Dimensity 8400 Ultimate, Octa Core, 3.25 GHz Processor","12 GB RAM, 512 GB inbuilt",6150 mAh Battery with 45W Fast Charging,"6.78 inches, 1208 x 2644 px, 144 Hz Display with Punch Hole",50 MP + 8 MP Dual Rear & 13 MP Front Camera,Android v16
Nubia Z80 Ultra,4.45,"₹61,990","Dual Sim, 5G, VoLTE, NFC, Wi-Fi, IR Blaster","Snapdragon 8 Elite Gen 5, Octa Core, 4.6 GHz Processor","12 GB RAM, 512 GB inbuilt",7200 mAh Battery with 90W Fast Charging,"6.85 inches, 1216 x 2688 px, 144 Hz Display",64 MP + 50 MP + 50 MP Triple Rear & 16 MP Front Camera,Android v16
Realme Narzo 80 Lite 5G,4.45,"₹14,799","Dual Sim, 5G, VoLTE, Wi-Fi","Dimensity 6300, Octa Core, 2.4 GHz Processor","4 GB RAM, 128 GB inbuilt",6000 mAh Battery with 15W Fast Charging,"6.67 inches, 720 x 1604 px, 120 Hz Display with Punch Hole",32 MP Dual Rear & 8 MP Front Camera,"Memory Card (Hybrid), upto 2 TB"
Nothing Phone 3a (12GB RAM + 256GB),4.75,"₹28,999","Dual Sim, 5G, VoLTE, NFC, Wi-Fi","Snapdragon 7s Gen3, Octa Core, 2.5 GHz Processor","12 GB RAM, 256 GB inbuilt",5000 mAh Battery with 50W Fast Charging,"6.77 inches, 1080 x 2392 px, 120 Hz Display with Punch Hole",50 MP + 50 MP + 8 MP Triple Rear & 32 MP Front Camera,Android v15
Honor Magic 8 Pro,4,"₹97,990","Dual Sim, 5G, VoLTE, NFC, eSIM, Wi-Fi, IR Blaster","Snapdragon 8 Elite Gen 5, Octa Core, 4.6 GHz Processor","12 GB RAM, 512 GB inbuilt",7100 mAh Battery with 100W Fast Charging,"6.71 inches, 1256 x 2808 px, 120 Hz Display with Punch Hole",200 MP + 50 MP + 50 MP Triple Rear & 50 MP Front Camera,Android v16
Realme GT 8,4.45,"₹52,990","Dual Sim, 5G, VoLTE, Vo5G, NFC, Wi-Fi, IR Blaster","Snapdragon 8 Elite, Octa Core, 4.32 GHz Processor","12 GB RAM, 256 GB inbuilt",7000 mAh Battery with 100W Fast Charging,"6.79 inches, 1440 x 3136 px, 144 Hz Display with Punch Hole",50 MP + 50 MP + 8 MP Triple Rear & 16 MP Front Camera,Memory Card Not Supported
Infinix Note 40X 5G,4.2,"₹14,999","Dual Sim, 5G, VoLTE, NFC, Wi-Fi","Dimensity 6300, Octa Core, 2.4 GHz Processor","8 GB RAM, 256 GB inbuilt",5000 mAh Battery with 18W Fast Charging,"6.78 inches, 1080 x 2406 px, 120 Hz Display with Punch Hole",108 MP + 2 MP Triple Rear & 8 MP Front Camera,"Memory Card Supported, upto 1 TB"
Realme C61,4.35,"₹7,699","Dual Sim, 4G, VoLTE, Wi-Fi","Unisoc T612, Octa Core, 1.8 GHz Processor","4 GB RAM, 64 GB inbuilt",5000 mAh Battery with 18W Fast Charging,"6.74 inches, 720 x 1600 px, 90 Hz Display with Water Drop Notch",32 MP Rear & 5 MP Front Camera,"Memory Card Supported, upto 2 TB"
Infinix GT 20 Pro,4.5,"₹24,999","Dual Sim, 5G, VoLTE, NFC, Wi-Fi, IR Blaster","Dimensity 8200 Ultimate, Octa Core, 3.1 GHz Processor","8 GB RAM, 256 GB inbuilt",5000 mAh Battery with 45W Fast Charging,"6.78 inches, 1080 x 2436 px, 144 Hz Display with Punch Hole",108 MP + 2 MP + 2 MP Triple Rear & 32 MP Front Camera,Android v14
Realme C100i,4.1,"₹11,990","Dual Sim, 4G, Wi-Fi","Unisoc T7250, Octa Core, 1.8 GHz Processor","4 GB RAM, 64 GB inbuilt",7000 mAh Battery with 15W Fast Charging,"6.8 inches, 720 x 1570 px, 120 Hz Display with Water Drop Notch",8 MP Rear & 5 MP Front Camera,Memory Card Supported
OPPO Reno 15 Pro Max,4.65,"₹59,990","Dual Sim, 5G, VoLTE, NFC, eSIM, Wi-Fi, IR Blaster","Dimensity 8450, Octa Core, 3.25 GHz Processor","12 GB RAM, 256 GB inbuilt",6500 mAh Battery with 80W Fast Charging,"6.78 inches, 1272 x 2772 px, 120 Hz Display with Punch Hole",200 MP + 50 MP + 50 MP Triple Rear & 50 MP Front Camera,Android v16
Realme GT 7 Dream Edition,4.6,"₹49,999","Dual Sim, 5G, VoLTE, Vo5G, NFC, Wi-Fi, IR Blaster","Dimensity 9400e, Octa Core, 3.4 GHz Processor","16 GB RAM, 512 GB inbuilt",7000 mAh Battery with 120W Fast Charging,"6.78 inches, 1264 x 2780 px, 120 Hz Display with Punch Hole",50 MP + 50 MP + 8 MP Triple Rear & 32 MP Front Camera,Memory Card Not Supported
Nubia Red Magic 10 Air,4.2,"₹40,999","Dual Sim, 5G, VoLTE, NFC, Wi-Fi, IR Blaster","Snapdragon 8 Gen3, Octa Core, 3.3 GHz Processor","12 GB RAM, 256 GB inbuilt",6000 mAh Battery with 80W Fast Charging,"6.8 inches, 1116 x 2480 px, 120 Hz Display",50 MP + 50 MP Dual Rear & 16 MP Front Camera,Android v15
Samsung Galaxy A06s,4.3,"₹9,999","Dual Sim, 5G, VoLTE, Wi-Fi",Octa Core Processor,"4 GB RAM, 128 GB inbuilt",5000 mAh Battery with 25W Fast Charging,"6.7 inches, 720 x 1600 px, 90 Hz Display with Water Drop Notch",50 MP + 2 MP Dual Rear & 8 MP Front Camera,"Memory Card Supported, upto 1 TB"
Realme 14 5G,4.2,"₹21,990","Dual Sim, 5G, VoLTE, Wi-Fi","Snapdragon 6 Gen4, Octa Core, 2.3 GHz Processor","12 GB RAM, 256 GB inbuilt",6000 mAh Battery with 45W Fast Charging,"6.67 inches, 1080 x 2400 px, 120 Hz Display with Punch Hole",50 MP Rear & 16 MP Front Camera,Android v15
Vertu Ironflip,4.45,"₹4,89,990","Dual Sim, 5G, NFC, Wi-Fi","Snapdragon 8 Gen2, Octa Core, 3.2 GHz Processor","12 GB RAM, 256 GB inbuilt",4310 mAh Battery with 65W Fast Charging,"6.7 inches, 2790 x 1188 px, 120 Hz Display with Punch Hole",Dual Display,50 MP + 2 MP Dual Rear & 16 MP Front Camera
Nubia Neo 2,4.75,"₹18,990","Dual Sim, 5G, VoLTE, NFC, Wi-Fi","Unisoc T820, Octa Core, 2.7 GHz Processor","8 GB RAM, 256 GB inbuilt",6000 mAh Battery with 33W Fast Charging,"6.72 inches, 1080 x 2400 px, 120 Hz Display with Punch Hole",50 MP + 2 MP Dual Rear & 16 MP Front Camera,Android v13
Tecno Spark 50 4G,4.7,"₹13,990","Dual Sim, 4G, VoLTE, Wi-Fi, IR Blaster",Octa Core Processor,"4 GB RAM, 128 GB inbuilt",6500 mAh Battery with 45W Fast Charging,"6.78 inches, 720 x 1576 px, 120 Hz Display with Punch Hole",50 MP Rear & 8 MP Front Camera,Memory Card Supported
Honor Play 11 Plus,4.15,"₹27,999","Dual Sim, 5G, NFC, Wi-Fi, IR Blaster","Dimensity 6500, Octa Core, 2.6 GHz Processor","8 GB RAM, 256 GB inbuilt",7000 mAh Battery with 45W Fast Charging,"6.6 inches, 1200 x 2600 px, 120 Hz Display",50 MP Rear & 8 MP Front Camera,Android v16
Huawei Enjoy 90 Pro Max,4.3,"₹23,990","Dual Sim, 5G, VoLTE, NFC, Wi-Fi, IR Blaster",Octa Core Processor,"8 GB RAM, 128 GB inbuilt",8500 mAh Battery with 40W Fast Charging,"6.84 inches, 1272 x 2756 px, 120 Hz Display with Punch Hole",50 MP Rear & 8 MP Front Camera,Memory Card Supported
Tecno Camon 50 4G,4.25,"₹24,990","4G, NFC, Wi-Fi, IR Blaster","Helio G200, Octa Core, 2.2 GHz Processor","8 GB RAM, 256 GB inbuilt",6150 mAh Battery with Fast Charging,"6.78 inches, 1208 x 2644 px, 144 Hz Display",50 MP + 8 MP Dual Rear & 32 MP Front Camera,Android v16
Vivo S50 Pro Mini,4.45,"₹48,990","Dual Sim, 5G, VoLTE, Vo5G, NFC, Wi-Fi, IR Blaster","Snapdragon 8 Gen5, Octa Core, 3.84 GHz Processor","12 GB RAM, 256 GB inbuilt",6500 mAh Battery with 90W Fast Charging,"6.31 inches, 1216 x 2640 px, 120 Hz Display with Punch Hole",50 MP + 50 MP + 8 MP Triple Rear & 50 MP Front Camera,Memory Card Not Supported
Asus ROG Phone 9 Pro Edition,4.3,"₹1,26,990","Dual Sim, 5G, VoLTE, NFC, eSIM, Wi-Fi","Snapdragon 8 Elite, Octa Core, 4.32 GHz Processor","24 GB RAM, 1 TB inbuilt",5800 mAh Battery with 65W Fast Charging,"6.78 inches, 1080 x 2400 px, 185 Hz Display with Punch Hole",50 MP + 32 MP + 13 MP Triple Rear & 32 MP Front Camera,Android v15
itel S25 Ultra,4.2,"₹17,990","Dual Sim, 4G, VoLTE, NFC, Wi-Fi, IR Blaster","Unisoc T620, Octa Core, 2.2 GHz Processor","8 GB RAM, 128 GB inbuilt",5000 mAh Battery with 18W Fast Charging,"6.78 inches, 1080 x 2436 px, 120 Hz Display with Punch Hole",50 MP + Macro Dual Rear & 32 MP Front Camera,Android v14
Infinix Hot 50 Pro Plus,4.1,"₹17,990","Dual Sim, 4G, NFC, Wi-Fi","Helio G100, Octa Core, 2.2 GHz Processor","8 GB RAM, 128 GB inbuilt",5000 mAh Battery with 33W Fast Charging,"6.78 inches, 1080 x 2436 px, 120 Hz Display",50 MP + 2 MP Triple Rear & 13 MP Front Camera,Memory Card Supported
Nubia Red Magic 10 Pro Plus 5G,4,"₹69,990","Dual Sim, 5G, VoLTE, NFC, Wi-Fi, IR Blaster","Snapdragon 8 Elite, Octa Core, 4.32 GHz Processor","16 GB RAM, 512 GB inbuilt",7050 mAh Battery with 120W Fast Charging,"6.85 inches, 1216 x 2688 px, 144 Hz Display",50 MP + 50 MP + 2 MP Triple Rear & 16 MP Front Camera,Android v15
Huawei Enjoy 90m Plus,4.7,"₹15,999","Dual Sim, 5G, Wi-Fi","Kirin 8000 SoC, Octa Core Processor","8 GB RAM, 128 GB inbuilt",6620 mAh Battery with 40W Fast Charging,"6.67 inches, 720 x 1604 px, 120 Hz Display with Punch Hole",50 MP Rear & 8 MP Front Camera,HarmonyOS v6.0
Vivo S50,4.6,"₹39,990","Dual Sim, 5G, VoLTE, NFC, Wi-Fi, IR Blaster","Snapdragon 8s Gen3, Octa Core, 3 GHz Processor","12 GB RAM, 256 GB inbuilt",6500 mAh Battery with 100W Fast Charging,"6.59 inches, 1260 x 2750 px, 120 Hz Display with Punch Hole",50 MP + 50 MP + 8 MP Triple Rear & 50 MP Front Camera,Android v16
itel A100C,4.1,"₹9,999","Dual Sim, 4G, VoLTE, Wi-Fi, IR Blaster","Unisoc T7100, Octa Core Processor","2 GB RAM, 64 GB inbuilt",5000 mAh Battery with Fast Charging,"6.6 inches, 720 x 1612 px, 90 Hz Display with Water Drop Notch",8 MP Rear & 5 MP Front Camera,Memory Card Supported
Vivo Y19s Pro,4.65,"₹9,990","Dual Sim, 4G, VoLTE, Wi-Fi","Unisoc T612, Octa Core, 1.8 GHz Processor","6 GB RAM, 128 GB inbuilt",6000 mAh Battery with 44W Fast Charging,"6.68 inches, 720 x 1608 px, 90 Hz Display with Water Drop Notch",50 MP Rear & 5 MP Front Camera,Memory Card Supported
Tecno Camon 40 Pro 4G,4.75,"₹17,990","Dual Sim, 4G, VoLTE, NFC, Wi-Fi, IR Blaster","Helio G100, Octa Core, 2.2 GHz Processor","8 GB RAM, 256 GB inbuilt",5200 mAh Battery with 45W Fast Charging,"6.78 inches, 1080 x 2436 px, 120 Hz Display with Punch Hole",50 MP + 8 MP Dual Rear & 50 MP Front Camera,Android v15
Honor 400 Pro,4.65,"₹64,990","Dual Sim, 5G, VoLTE, NFC, Wi-Fi, IR Blaster","Snapdragon 8 Gen3, Octa Core, 3.3 GHz Processor","12 GB RAM, 256 GB inbuilt",6000 mAh Battery with 100W Fast Charging,"6.7 inches, 1280 x 2800 px, 120 Hz Display with Punch Hole",200 MP + 50 MP + 12 MP Triple Rear & 50 MP + 2 MP Dual Front Camera,Android v15
Vivo X200 Pro Mini,4.35,"₹55,990","Dual Sim, 5G, VoLTE, NFC, eSIM, Wi-Fi, IR Blaster","Dimensity 9400, Octa Core, 3.63 GHz Processor","12 GB RAM, 256 GB inbuilt",5700 mAh Battery with 90W Fast Charging,"6.31 inches, 1216 x 2640 px, 120 Hz Display with Punch Hole",50 MP + 50 MP + 50 MP Triple Rear & 32 MP Front Camera,Memory Card Not Supported
iQOO Z9x,4.75,"₹17,990","Dual Sim, 5G, VoLTE, Wi-Fi","Snapdragon 6 Gen1, Octa Core, 2.2 GHz Processor","4 GB RAM, 128 GB inbuilt",6000 mAh Battery with 44W Fast Charging,"6.72 inches, 1080 x 2408 px, 120 Hz Display with Punch Hole",50 MP + 2 MP Dual Rear & 8 MP Front Camera,"Memory Card (Hybrid), upto 1 TB"
Vivo Y200t,4.3,"₹12,990","Dual Sim, 5G, VoLTE, Wi-Fi, IR Blaster","Snapdragon 6 Gen1, Octa Core, 2.2 GHz Processor","8 GB RAM, 128 GB inbuilt",6000 mAh Battery with 44W Fast Charging,"6.72 inches, 1080 x 2408 px, 120 Hz Display with Punch Hole",50 MP + 2 MP Dual Rear & 8 MP Front Camera,Memory Card Supported
Realme GT Neo 6 SE,4.45,"₹19,990","Dual Sim, 5G, VoLTE, Vo5G, NFC, Wi-Fi, IR Blaster","Snapdragon 7+ Gen3, Octa Core, 2.8 GHz Processor","8 GB RAM, 256 GB inbuilt",5500 mAh Battery with 100W Fast Charging,"6.78 inches, 1264 x 2780 px, 120 Hz Display with Punch Hole",50 MP + 8 MP Dual Rear & 32 MP Front Camera,Android v14
Samsung Galaxy A82 5G,4.35,"₹39,990","Dual Sim, 5G, VoLTE, NFC, Wi-Fi","Snapdragon 855+, Octa Core, 2.96 GHz Processor","6 GB RAM, 128 GB inbuilt",4500 mAh Battery with 25W Fast Charging,"6.71 inches, 1440 x 3200 px, 120 Hz Display with Punch Hole",64 MP + 12 MP + 5 MP Triple Rear & 10 MP Front Camera,"Memory Card Supported, upto 1 TB"
Honor 500 Pro,4.6,"₹49,990","Dual Sim, 5G, VoLTE, NFC, Wi-Fi, IR Blaster","Snapdragon 8 Elite, Octa Core, 4.32 GHz Processor","12 GB RAM, 256 GB inbuilt",8000 mAh Battery with 80W Fast Charging,"6.55 inches, 1264 x 2736 px, 120 Hz Display with Punch Hole",200 MP + 50 MP + 12 MP Triple Rear & 50 MP Front Camera,Android v16
Motorola Moto X70 Air,4.55,"₹29,990","Dual Sim, 5G, VoLTE, Vo5G, NFC, Wi-Fi","Snapdragon 7 Gen4, Octa Core, 2.8 GHz Processor","12 GB RAM, 256 GB inbuilt",4800 mAh Battery with 68W Fast Charging,"6.7 inches, 1220 x 2712 px, 120 Hz Display with Punch Hole",50 MP + 50 MP Dual Rear & 50 MP Front Camera,"Memory Card (Hybrid), upto 1 TB"
Xiaomi 17 Pro,4.05,"₹82,990","Dual Sim, 5G, VoLTE, NFC, Wi-Fi, IR Blaster","Snapdragon 8 Elite Gen 5, Octa Core, 4.6 GHz Processor","12 GB RAM, 256 GB inbuilt",6300 mAh Battery with 100W Fast Charging,"6.3 inches, 1220 x 2656 px, 144 Hz Display with Punch Hole",Dual Display,50 MP + 50 MP + 50 MP Triple Rear & 50 MP Front Camera
Sony Xperia 10 VII,4.35,"₹46,990","Dual Sim, 5G, VoLTE, NFC, eSIM, Wi-Fi","Snapdragon 6 Gen3, Octa Core, 2.4 GHz Processor","8 GB RAM, 128 GB inbuilt",5000 mAh Battery with Fast Charging,"6.1 inches, 1080 x 2340 px Display",50 MP + 13 MP Dual Rear & 8 MP Front Camera,"Memory Card (Hybrid), upto 1 TB"
Motorola Razr 70 Ultra,4,"₹1,49,990","Dual Sim, 5G, NFC, eSIM, Wi-Fi","Snapdragon 8 Elite, Octa Core, 4.32 GHz Processor","16 GB RAM, 512 GB inbuilt",5000 mAh Battery with 68W Fast Charging,"7 inches, 1224 x 2992 px Display with Punch Hole","Foldable Display, Dual Display",50 MP + 50 MP Dual Rear & 50 MP Front Camera
Honor X6c,4.55,"₹12,990","Dual Sim, 4G, VoLTE, NFC, Wi-Fi","Helio G81 Ultra, Octa Core, 2 GHz Processor","8 GB RAM, 256 GB inbuilt",5300 mAh Battery with 35W Fast Charging,"6.61 inches, 720 x 1604 px, 120 Hz Display with Punch Hole",50 MP + Depth Sensor Dual Rear & 5 MP Front Camera,Memory Card Supported
Realme Neo 7 Turbo,4.6,"₹23,990","Dual Sim, 5G, VoLTE, Vo5G, NFC, Wi-Fi, IR Blaster","Dimensity 9400e, Octa Core Processor","12 GB RAM, 256 GB inbuilt",7200 mAh Battery with 100W Fast Charging,"6.8 inches, 1280 x 2800 px, 144 Hz Display with Punch Hole",50 MP + 8 MP Dual Rear & 16 MP Front Camera,Android v15
Lava Bold 5G,4.1,"₹15,499","Dual Sim, 5G, VoLTE, Vo5G, Wi-Fi","Dimensity 6300, Octa Core, 2.4 GHz Processor","4 GB RAM, 128 GB inbuilt",5000 mAh Battery with 33W Fast Charging,"6.67 inches, 1080 x 2400 px, 120 Hz Display with Punch Hole",64 MP + 2 MP Dual Rear & 16 MP Front Camera,Memory Card (Hybrid)
iQOO Z9 Turbo Endurance Edition,4.25,"₹22,990","Dual Sim, 5G, VoLTE, NFC, Wi-Fi, IR Blaster","Snapdragon 8s Gen3, Octa Core, 3 GHz Processor","12 GB RAM, 256 GB inbuilt",6400 mAh Battery with 80W Fast Charging,"6.78 inches, 1260 x 2800 px, 120 Hz Display with Punch Hole",50 MP + 8 MP Dual Rear & 16 MP Front Camera,Android v15
Poco M8 Pro 5G,4.5,"₹27,990","Dual Sim, 5G, VoLTE, NFC, Wi-Fi, IR Blaster","Snapdragon 7s Gen4, Octa Core, 2.7 GHz Processor","8 GB RAM, 256 GB inbuilt",6500 mAh Battery with 100W Fast Charging,"6.83 inches, 1280 x 2772 px, 120 Hz Display with Punch Hole",50 MP + 8 MP Dual Rear & 32 MP Front Camera,Memory Card Not Supported
HMD Fusion,4.55,"₹10,999","Dual Sim, 5G, VoLTE, NFC, eSIM, Wi-Fi","Snapdragon 4 Gen2, Octa Core, 2.2 GHz Processor","6 GB RAM, 128 GB inbuilt",5000 mAh Battery with 33W Fast Charging,"6.56 inches, 720 x 1612 px, 90 Hz Display with Punch Hole",108 MP + 2 MP Dual Rear & 50 MP Front Camera,"Memory Card (Hybrid), upto 1 TB"
Vivo V40e 5G,4.35,"₹28,999","Dual Sim, 5G, VoLTE, Wi-Fi","Dimensity 7300, Octa Core, 2.5 GHz Processor","8 GB RAM, 128 GB inbuilt",5500 mAh Battery with 80W Fast Charging,"6.77 inches, 1080 x 2392 px, 120 Hz Display with Punch Hole",50 MP + 8 MP Dual Rear & 50 MP Front Camera,Android v14
Motorola Moto G77 5G,4.65,"₹29,990","Dual Sim, 5G, VoLTE, NFC, Wi-Fi","Dimensity 6400, Octa Core, 2.5 GHz Processor","8 GB RAM, 128 GB inbuilt",5200 mAh Battery with 30W Fast Charging,"6.78 inches, 1272 x 2772 px, 120 Hz Display with Punch Hole",108 MP + 8 MP Dual Rear & 32 MP Front Camera,Memory Card (Hybrid)
iQOO Z9s Pro 5G,4,"₹24,999","Dual Sim, 5G, VoLTE, Wi-Fi","Snapdragon 7 Gen3, Octa Core, 2.63 GHz Processor","8 GB RAM, 128 GB inbuilt",5500 mAh Battery with 80W Fast Charging,"6.77 inches, 1080 x 2392 px, 120 Hz Display with Punch Hole",50 MP + 8 MP Dual Rear & 16 MP Front Camera,Memory Card Not Supported
iQOO Neo 10 Pro 5G,4,"₹37,990","Dual Sim, 5G, VoLTE, NFC, Wi-Fi, IR Blaster","Dimensity 9400, Octa Core, 3.63 GHz Processor","12 GB RAM, 256 GB inbuilt",6100 mAh Battery with 120W Fast Charging,"6.78 inches, 1260 x 2800 px, 144 Hz Display with Punch Hole",50 MP + 50 MP Dual Rear & 16 MP Front Camera,Android v15
Lava Blaze X 5G,4.05,"₹14,999","Dual Sim, 5G, VoLTE, Wi-Fi","Dimensity 6300, Octa Core, 2.4 GHz Processor","4 GB RAM, 128 GB inbuilt",5000 mAh Battery with 33W Fast Charging,"6.67 inches, 1080 x 2400 px, 120 Hz Display with Punch Hole",64 MP + 2 MP Dual Rear & 16 MP Front Camera,Memory Card Not Supported
Vivo Y300t,4.1,"₹13,990","Dual Sim, 5G, VoLTE, NFC, Wi-Fi, IR Blaster","Dimensity 7300, Octa Core, 2.5 GHz Processor","8 GB RAM, 128 GB inbuilt",6500 mAh Battery with 44W Fast Charging,"6.72 inches, 1080 x 2408 px, 120 Hz Display with Punch Hole",50 MP + 2 MP Dual Rear & 8 MP Front Camera,Memory Card Not Supported
Oppo A60 5G,4.6,"₹14,990","Dual Sim, 5G, VoLTE, NFC, Wi-Fi","Dimensity 6300, Octa Core, 2.4 GHz Processor","6 GB RAM, 128 GB inbuilt",5100 mAh Battery with 45W Fast Charging,"6.67 inches, 720 x 1604 px, 120 Hz Display with Punch Hole",50 MP Dual Rear & 5 MP Front Camera,"Memory Card Supported, upto 1 TB"
Tecno Pova 6 4G,4.4,"₹11,990","Dual Sim, 4G, VoLTE, NFC, Wi-Fi, IR Blaster","Helio G99 Ultimate, Octa Core, 2.2 GHz Processor","8 GB RAM, 256 GB inbuilt",6000 mAh Battery with 70W Fast Charging,"6.78 inches, 1080 x 2460 px, 120 Hz Display with Punch Hole",108 MP + 2 MP Dual Rear & 32 MP Front Camera,Android v14
Vivo S19 Pro,4.35,"₹37,990","Dual Sim, 5G, VoLTE, NFC, Wi-Fi, IR Blaster","Dimensity 9200 Plus, Octa Core, 3.35 GHz Processor","8 GB RAM, 256 GB inbuilt",5500 mAh Battery with 80W Fast Charging,"6.78 inches, 1260 x 2800 px, 120 Hz Display with Punch Hole",50 MP + 50 MP + 8 MP Triple Rear & 50 MP Front Camera,Android v14
Xiaomi Qin 2 Pro,4,"₹9,990","Dual Sim, 3G, VoLTE, Wi-Fi","Unisoc SC9832E, Quad Core, 1.3 GHz Processor","2 GB RAM, 64 GB inbuilt",2100 mAh Battery,"5 inches, 576 x 1440 px Display",13 MP Rear Camera,No FM Radio
Motorola Moto G24 5G,4.7,"₹11,999","Dual Sim, 5G, VoLTE, Wi-Fi","Dimensity 1080, Octa Core, 2.6 GHz Processor","8 GB RAM, 128 GB inbuilt",6000 mAh Battery with 18W Fast Charging,"6.58 inches, 1080 x 2400 px, 120 Hz Display with Punch Hole",50 MP + 2 MP Dual Rear & 8 MP Front Camera,"Memory Card (Hybrid), upto 1 TB"
Nubia Z60 Ultra,4.6,"₹52,990","Dual Sim, 5G, VoLTE, NFC, Wi-Fi, IR Blaster","Snapdragon 8 Gen3, Octa Core, 3.3 GHz Processor","8 GB RAM, 256 GB inbuilt",6000 mAh Battery with 80W Fast Charging,"6.8 inches, 1116 x 2480 px, 120 Hz Display",64 MP + 50 MP + 50 MP Triple Rear & 16 MP Front Camera,Android v14
Sony Xperia 1 V,4.15,"₹1,25,990","Dual Sim, 5G, VoLTE, NFC, Wi-Fi","Snapdragon  8 Gen2, Octa Core, 3.2 GHz Processor","12 GB RAM, 256 GB inbuilt",5000 mAh Battery with 30W Fast Charging,"6.5 inches, 1644 x 3840 px, 120 Hz Display",48 MP + 12 MP + 12 MP Triple Rear & 12 MP Front Camera,Memory Card (Hybrid)
Huawei Pura 90 Pro Max,4,"₹99,900","5G, NFC, eSIM, Wi-Fi, IR Blaster",Kirin 9030S,"12 GB RAM, 256 GB inbuilt",6000 mAh Battery with 100W Fast Charging,"6.9 inches, 1308 x 2880 px, 120 Hz Display with Punch Hole",200 MP + 50 MP + 40 MP Triple Rear & 13 MP Front Camera,HarmonyOS v6.1
Honor X8d,4.15,"₹21,990","Dual Sim, 4G, NFC, Wi-Fi, IR Blaster","Snapdragon 6s 4G Gen 2, Octa Core, 2.3 GHz Processor","8 GB RAM, 128 GB inbuilt",7000 mAh Battery with 45W Fast Charging,"6.77 inches, 1080 x 2392 px, 120 Hz Display with Punch Hole",108 MP + 5 MP Dual Rear & 16 MP Front Camera,Memory Card Supported
OnePlus Ace 6T,4.2,"₹34,990","Dual Sim, 5G, VoLTE, Vo5G, NFC, Wi-Fi, IR Blaster","Snapdragon 8 Gen5, Octa Core, 3.84 GHz Processor","12 GB RAM, 256 GB inbuilt",8300 mAh Battery with 100W Fast Charging,"6.83 inches, 1272 x 2800 px, 165 Hz Display with Punch Hole",50 MP + 8 MP Dual Rear & 16 MP Front Camera,Memory Card Not Supported
Honor X5c Plus,4.6,"₹7,990","Dual Sim, 4G, VoLTE, Wi-Fi","Helio G81, Octa Core, 2 GHz Processor","4 GB RAM, 128 GB inbuilt",5260 mAh Battery with 15W Fast Charging,"6.74 inches, 720 x 1600 px, 90 Hz Display with Punch Hole",50 MP Rear & 5 MP Front Camera,Memory Card (Hybrid)
Xiaomi Redmi 15C 4G,4.6,"₹10,990","Dual Sim, 4G, VoLTE, NFC, Wi-Fi","Helio G81 Ultra, Octa Core, 2 GHz Processor","4 GB RAM, 128 GB inbuilt",6000 mAh Battery with 33W Fast Charging,"6.9 inches, 720 x 1600 px, 120 Hz Display with Punch Hole",50 MP Dual Rear & 8 MP Front Camera,Memory Card (Hybrid)
Oppo Reno 14F,4,"₹34,990","Dual Sim, 5G, VoLTE, NFC, Wi-Fi","Snapdragon 6 Gen1, Octa Core, 2.2 GHz Processor","8 GB RAM, 256 GB inbuilt",6000 mAh Battery with 45W Fast Charging,"6.57 inches, 1080 x 2372 px, 120 Hz Display with Punch Hole",50 MP + 8 MP + 2 MP Triple Rear & 32 MP Front Camera,Memory Card Supported
Vivo Y20 5G,4.15,"₹11,999","Dual Sim, 5G, VoLTE, Wi-Fi","Dimensity 6400, Octa Core, 2.4 GHz Processor","4 GB RAM, 128 GB inbuilt",5700 mAh Battery with 20W Fast Charging,"6.74 inches, 720 x 1600 px, 90 Hz Display with Water Drop Notch",50 MP + 0.08 MP Dual Rear & 8 MP Front Camera,"Memory Card Supported, upto 2 TB"
Vivo X300s,4.15,"₹68,990","Dual Sim, 5G, VoLTE, NFC, Wi-Fi, IR Blaster","Dimensity 9500, Octa Core, 4.21 GHz Processor","12 GB RAM, 256 GB inbuilt",7100 mAh Battery with 90W Fast Charging,"6.78 inches, 1260 x 2800 px, 144 Hz Display with Punch Hole",200 MP + 50 MP + 50 MP Triple Rear & 50 MP Front Camera,Memory Card Not Supported
Nubia Red Magic 9 Pro Plus (24GB RAM + 1TB),4.25,"₹80,990","Dual Sim, 5G, VoLTE, NFC, Wi-Fi","Snapdragon 8 Gen3, Octa Core, 3.3 GHz Processor","24 GB RAM, 1 TB inbuilt",5500 mAh Battery with 165W Fast Charging,"6.8 inches, 1116 x 2480 px, 120 Hz Display",50 MP + 50 MP + 2 MP Triple Rear & 16 MP Front Camera,Android v14
Motorola Moto G75 5G,4.25,"₹32,990","Dual Sim, 5G, VoLTE, NFC, Wi-Fi","Snapdragon 6 Gen3, Octa Core, 2.4 GHz Processor","8 GB RAM, 256 GB inbuilt",5000 mAh Battery with 30W Fast Charging,"6.78 inches, 1080 x 2388 px, 120 Hz Display with Punch Hole",50 MP + 8 MP Dual Rear & 16 MP Front Camera,Memory Card (Hybrid)
Tecno Pova 6 Neo 5G,4.3,"₹13,999","Dual Sim, 5G, VoLTE, NFC, Wi-Fi, IR Blaster","Dimensity 6300, Octa Core, 2.4 GHz Processor","6 GB RAM, 128 GB inbuilt",5000 mAh Battery with 18W Fast Charging,"6.67 inches, 720 x 1600 px, 120 Hz Display with Punch Hole",108 MP + 2 MP Dual Rear & 8 MP Front Camera,Memory Card Supported
OnePlus Ace 5,4.05,"₹26,990","Dual Sim, 5G, VoLTE, Vo5G, NFC, Wi-Fi, IR Blaster","Snapdragon 8 Gen3, Octa Core, 3.3 GHz Processor","12 GB RAM, 256 GB inbuilt",6415 mAh Battery with 80W Fast Charging,"6.78 inches, 1264 x 2780 px, 120 Hz Display with Punch Hole",50 MP + 8 MP + 2 MP Triple Rear & 16 MP Front Camera,Memory Card Not Supported
iQOO Z9 Lite 5G,4.3,"₹13,999","Dual Sim, 5G, VoLTE, Wi-Fi","Dimensity 6300, Octa Core, 2.4 GHz Processor","4 GB RAM, 128 GB inbuilt",5000 mAh Battery with 15W Fast Charging,"6.56 inches, 720 x 1600 px, 90 Hz Display with Water Drop Notch",50 MP + 2 MP Dual Rear & 8 MP Front Camera,"Memory Card (Hybrid), upto 1 TB"
Infinix Hot 50i,4.3,"₹9,999","Dual Sim, 4G, VoLTE, Wi-Fi","Helio G81, Octa Core, 2 GHz Processor","4 GB RAM, 128 GB inbuilt",5000 mAh Battery with 18W Fast Charging,"6.7 inches, 720 x 1600 px, 120 Hz Display with Punch Hole",48 MP Dual Rear & 8 MP Front Camera,"Memory Card Supported, upto 2 TB"
Xiaomi Redmi A3,4.4,"₹7,299","Dual Sim, 4G, VoLTE, Wi-Fi","Helio G36, Octa Core, 2.2 GHz Processor","3 GB RAM, 64 GB inbuilt",5000 mAh Battery with 10W Fast Charging,"6.71 inches, 720 x 1650 px, 90 Hz Display with Water Drop Notch",8 MP Dual Rear & 5 MP Front Camera,"Memory Card Supported, upto 1 TB"
Vivo Y27 5G,4.3,"₹20,999","Dual Sim, 5G, VoLTE, NFC, Wi-Fi","Dimensity 6020, Octa Core, 2.2 GHz Processor","4 GB RAM, 128 GB inbuilt",5000 mAh Battery with 15W Fast Charging,"6.64 inches, 1080 x 2388 px, 90 Hz Display with Punch Hole",50 MP + 2 MP Dual Rear & 8 MP Front Camera,"Memory Card Supported, upto 1 TB"
Xiaomi Redmi K80,4.55,"₹30,990","Dual Sim, 5G, VoLTE, NFC, Wi-Fi, IR Blaster","Snapdragon 8 Gen3, Octa Core, 3.3 GHz Processor","12 GB RAM, 256 GB inbuilt",6550 mAh Battery with 90W Fast Charging,"6.67 inches, 1440 x 3200 px, 120 Hz Display with Punch Hole",50 MP + 8 MP Dual Rear & 20 MP Front Camera,Android v15
Oppo A56 5G,4.4,"₹17,990","Dual Sim, 5G, VoLTE, Wi-Fi","Dimensity 700 5G, Octa Core, 2.2 GHz Processor","6 GB RAM, 128 GB inbuilt",5000 mAh Battery,"6.5 inches, 720 x 1600 px Display with Water Drop Notch",13 MP + 2 MP Dual Rear & 8 MP Front Camera,Memory Card Supported
Realme C100x,4.5,"₹15,990","Dual Sim, 4G, VoLTE, NFC, Wi-Fi","Unisoc T7250, Octa Core, 1.8 GHz Processor","4 GB RAM, 128 GB inbuilt",8000 mAh Battery with 45W Fast Charging,"6.8 inches, 720 x 1570 px, 120 Hz Display with Punch Hole",50 MP Rear & 5 MP Front Camera,Memory Card (Hybrid)
Oppo A6t 4G,4.25,"₹9,990","Dual Sim, 4G, NFC, Wi-Fi","Snapdragon 685, Octa Core, 2.8 GHz Processor","8 GB RAM, 128 GB inbuilt",6500 mAh Battery with Fast Charging,"6.75 inches, 720 x 1570 px, 120 Hz Display with Punch Hole",13 MP + 2 MP Dual Rear & 5 MP Front Camera,Memory Card Supported
Oppo A6t 5G,4.55,"₹12,999","Dual Sim, 5G, NFC, Wi-Fi","Dimensity 6300, Octa Core Processor","4 GB RAM, 128 GB inbuilt",6500 mAh Battery with Fast Charging,"6.75 inches, 720 x 1570 px, 120 Hz Display with Punch Hole",50 MP + 2 MP Dual Rear & 5 MP Front Camera,Memory Card Supported
Huawei Nova 15 Pro,4.25,"₹44,999","Dual Sim, 5G, NFC, Wi-Fi, IR Blaster",Kirin 9010S,256 GB inbuilt,6500 mAh Battery with Fast Charging,"6.84 inches, 1320 x 2856 px Display",50 MP + 13 MP + 12 MP Triple Rear & 50 MP Front Camera,HarmonyOS v6.0
Motorola Moto G100 (2025),4.7,"₹17,990","Dual Sim, 5G, VoLTE, NFC, Wi-Fi","Snapdragon 7s Gen2, Octa Core, 2.4 GHz Processor","8 GB RAM, 256 GB inbuilt",7000 mAh Battery with 30W Fast Charging,"6.72 inches, 1080 x 2400 px, 120 Hz Display with Punch Hole",50 MP + 8 MP Dual Rear & 32 MP Front Camera,Android v15
Infinix Hot 60i,4.05,"₹10,999","Dual Sim, 4G, VoLTE, NFC, Wi-Fi, IR Blaster","Helio G81 Ultimate, Octa Core, 2 GHz Processor","4 GB RAM, 128 GB inbuilt",5160 mAh Battery with 45W Fast Charging,"6.7 inches, 720 x 1600 px, 120 Hz Display with Punch Hole",50 MP Rear & 8 MP Front Camera,Memory Card Supported
Infinix Smart 10 Plus,4.2,"₹6,990","Dual Sim, 4G, VoLTE, NFC, Wi-Fi, IR Blaster","Unisoc T7250, Octa Core, 1.8 GHz Processor","4 GB RAM, 128 GB inbuilt",6000 mAh Battery with 18W Fast Charging,"6.67 inches, 720 x 1600 px, 120 Hz Display with Punch Hole",8 MP Rear & 8 MP Front Camera,Memory Card Supported
Motorola Razr 70,4.6,"₹68,990","Dual Sim, 5G, VoLTE, NFC, eSIM, Wi-Fi","Dimensity 7400X, Octa Core, 2.6 GHz Processor","8 GB RAM, 128 GB inbuilt",4800 mAh Battery with 30W Fast Charging,"6.9 inches, 1080 x 2640 px, 120 Hz Display with Punch Hole","Foldable Display, Dual Display",50 MP + 50 MP Dual Rear & 32 MP Front Camera
Motorola Moto S60 Neo,4,"₹17,990","Dual Sim, 5G, VoLTE, NFC, Wi-Fi","Dimensity 7300, Octa Core, 2.5 GHz Processor","8 GB RAM, 256 GB inbuilt",6520 mAh Battery with 33W Fast Charging,"6.67 inches, 1260 x 2712 px, 120 Hz Display with Punch Hole",50 MP + 8 MP Dual Rear & 32 MP Front Camera,Memory Card Supported
Honor Magic V5,4.1,"₹1,07,990","Dual Sim, 5G, VoLTE, NFC, Wi-Fi, IR Blaster","Snapdragon 8 Elite, Octa Core, 4.32 GHz Processor","12 GB RAM, 256 GB inbuilt",5820 mAh Battery with 66W Fast Charging,"7.95 inches, 2172 x 2352 px, 120 Hz Display with Punch Hole","Foldable Display, Dual Display",64 MP + 50 MP + 50 MP Triple Rear & 20 MP + 20 MP Dual Front Camera
Vivo S30,4.15,"₹31,990","Dual Sim, 5G, VoLTE, NFC, Wi-Fi, IR Blaster","Snapdragon 7 Gen4, Octa Core, 2.8 GHz Processor","12 GB RAM, 256 GB inbuilt",6500 mAh Battery with 90W Fast Charging,"6.67 inches, 1260 x 2800 px, 120 Hz Display with Punch Hole",50 MP + 50 MP + 8 MP Triple Rear & 50 MP Front Camera,Android v15
Xiaomi 15T Pro,4.3,"₹82,990","Dual Sim, 5G, VoLTE, NFC, Wi-Fi, IR Blaster","Dimensity 9400 Plus, Octa Core, 3.63 GHz Processor","12 GB RAM, 256 GB inbuilt",5500 mAh Battery with 90W Fast Charging,"6.83 inches, 1220 x 2712 px, 144 Hz Display with Punch Hole",50 MP + 50 MP + 12 MP Triple Rear & 32 MP Front Camera,Memory Card Not Supported
Honor 400,4.65,"₹47,990","Dual Sim, 5G, VoLTE, NFC, Wi-Fi, IR Blaster","Snapdragon 7 Gen3, Octa Core, 2.63 GHz Processor","12 GB RAM, 256 GB inbuilt",6000 mAh Battery with 80W Fast Charging,"6.55 inches, 1264 x 2736 px, 120 Hz Display with Punch Hole",200 MP + 12 MP Dual Rear & 50 MP Front Camera,Android v15
Xiaomi Redmi 14R 5G,4.45,"₹12,990","Dual Sim, 5G, VoLTE, Wi-Fi","Snapdragon 4 Gen2, Octa Core, 2.2 GHz Processor","4 GB RAM, 128 GB inbuilt",5160 mAh Battery with 18W Fast Charging,"6.88 inches, 720 x 1640 px, 120 Hz Display with Water Drop Notch",13 MP Dual Rear & 5 MP Front Camera,"Memory Card Supported, upto 1 TB"
Vivo Y200 Plus 5G,4.65,"₹12,990","Dual Sim, 5G, VoLTE, Wi-Fi","Snapdragon 4 Gen2, Octa Core, 2.2 GHz Processor","8 GB RAM, 256 GB inbuilt",6000 mAh Battery with 44W Fast Charging,"6.68 inches, 720 x 1608 px, 120 Hz Display with Punch Hole",50 MP + 2 MP Dual Rear & 5 MP Front Camera,Android v14
Realme Narzo N65 5G,4.6,"₹11,499","Dual Sim, 5G, VoLTE, Vo5G, Wi-Fi","Dimensity 6300, Octa Core, 2.4 GHz Processor","4 GB RAM, 128 GB inbuilt",5000 mAh Battery with 15W Fast Charging,"6.67 inches, 720 x 1604 px, 120 Hz Display with Punch Hole",50 MP Dual Rear & 8 MP Front Camera,"Memory Card (Hybrid), upto 2 TB"
Sony Xperia 10 VI,4.5,"₹35,990","Dual Sim, 5G, VoLTE, NFC, eSIM, Wi-Fi","Snapdragon 6 Gen1, Octa Core, 2.2 GHz Processor","8 GB RAM, 128 GB inbuilt",5000 mAh Battery with Fast Charging,"6.1 inches, 1080 x 2520 px Display",48 MP + 8 MP Dual Rear & 8 MP Front Camera,"Memory Card (Hybrid), upto 1 TB"
Realme Narzo 70x 5G,4.25,"₹11,999","Dual Sim, 5G, VoLTE, Wi-Fi","Dimensity 6100 Plus, Octa Core, 2.2 GHz Processor","4 GB RAM, 128 GB inbuilt",5000 mAh Battery with 45W Fast Charging,"6.72 inches, 1080 x 2400 px, 120 Hz Display with Punch Hole",50 MP + 2 MP Dual Rear & 8 MP Front Camera,"Memory Card (Hybrid), upto 2 TB"
Realme Neo 7 SE,4.15,"₹21,990","Dual Sim, 5G, VoLTE, Vo5G, NFC, Wi-Fi, IR Blaster","Dimensity 8400 Max, Octa Core, 3.25 GHz Processor","8 GB RAM, 256 GB inbuilt",7000 mAh Battery with 80W Fast Charging,"6.78 inches, 1264 x 2780 px, 120 Hz Display with Punch Hole",50 MP + 8 MP Dual Rear & 16 MP Front Camera,Android v15
Realme 12 Plus 5G,4,"₹20,999","Dual Sim, 5G, VoLTE, Wi-Fi","Dimensity 7050, Octa Core, 2.6 GHz Processor","8 GB RAM, 128 GB inbuilt",5000 mAh Battery with 67W Fast Charging,"6.67 inches, 1080 x 2400 px, 120 Hz Display with Punch Hole",50 MP + 8 MP + 2 MP Triple Rear & 16 MP Front Camera,"Memory Card (Hybrid), upto 2 TB"
Realme Note 50,4.05,"₹5,499","Dual Sim, 4G, VoLTE, Wi-Fi","Unisoc T612, Octa Core Processor","4 GB RAM, 64 GB inbuilt",5000 mAh Battery with 10W Fast Charging,"6.74 inches, 720 x 1600 px, 90 Hz Display with Water Drop Notch",13 MP Dual Rear & 5 MP Front Camera,Memory Card Supported
Tecno Spark 20 Pro Plus,4.2,"₹17,999","Dual Sim, 4G, VoLTE, NFC, Wi-Fi","Helio G99 Ultimate, Octa Core, 2.2 GHz Processor","8 GB RAM, 256 GB inbuilt",5000 mAh Battery with 33W Fast Charging,"6.78 inches, 1080 x 2436 px, 120 Hz Display with Punch Hole",108 MP + 0.08 MP Dual Rear & 32 MP Front Camera,Memory Card Supported
Motorola Moto G86 5G,4.55,"₹28,999","Dual Sim, 5G, VoLTE, NFC, Wi-Fi","Dimensity 7300, Octa Core, 2.5 GHz Processor","8 GB RAM, 256 GB inbuilt",5200 mAh Battery with 30W Fast Charging,"6.67 inches, 1220 x 2712 px, 120 Hz Display with Punch Hole",50 MP + 8 MP Dual Rear & 32 MP Front Camera,"Memory Card (Hybrid), upto 1 TB"
itel S16 Pro,4.55,"₹6,990","Dual Sim, 4G, VoLTE, Wi-Fi","Quad Core, 1.3 GHz Processor","2 GB RAM, 32 GB inbuilt",4000 mAh Battery,"6.6 inches, 1600 x 720 px Display with Punch Hole",8 MP + 2 MP + 0.3 MP Triple Rear & 8 MP Front Camera,"Memory Card Supported, upto 32 GB"
Samsung Galaxy A01 Core,4.1,"₹4,999","Dual Sim, 4G, VoLTE, Wi-Fi","(28 nm), Quad Core, 1.5 GHz Processor","1 GB RAM, 16 GB inbuilt",3000 mAh Battery,"5.3 inches, 720 x 1480 px Display",8 MP Rear & 5 MP Front Camera,Memory Card Supported
Xiaomi Redmi K20 Pro Signature Edition,3.9,"₹4,80,000","Dual Sim, 4G, VoLTE, NFC, Wi-Fi","Snapdragon  855, Octa Core, 2.8 GHz Processor","8 GB RAM, 256 GB inbuilt",4000 mAh Battery with 27W Fast Charging,"6.39 inches, 1080 x 2340 px Display",48 MP + 13 MP + 8 MP Triple Rear & 20 MP Front Camera,Memory Card Not Supported
Apple iPhone 9,4.25,"₹29,990","Single Sim, 4G, VoLTE, NFC, Wi-Fi","A13 Bionic, Hexa Core, 2.65 GHz Processor","3 GB RAM, 64 GB inbuilt",2050 mAh Battery with Fast Charging,"4.7 inches, 750 x 1334 px Display with Large Notch",12 MP Rear & 7 MP Front Camera,Memory Card Not Supported
Motorola Edge 70 Fusion Plus,4.1,"₹49,999","Dual Sim, 5G, NFC, eSIM, Wi-Fi","Snapdragon 7s Gen4, Octa Core, 2.7 GHz Processor","12 GB RAM, 256 GB inbuilt",5200 mAh Battery with Fast Charging,"6.8 inches, 1272 x 2772 px, 144 Hz Display with Punch Hole",50 MP + 50 MP + 10 MP Triple Rear & 50 MP Front Camera,Android v16
Oppo A6s Pro,4.7,"₹28,990","Dual Sim, 4G, NFC, Wi-Fi","Helio G100 Max, Octa Core, 2.2 GHz Processor","8 GB RAM, 256 GB inbuilt",7000 mAh Battery with 80W Fast Charging,"6.57 inches, 1080 x 2372 px Display",50 MP Dual Rear & 50 MP Front Camera,Memory Card Supported
Honor X6d,4.3,"₹12,999","Dual Sim, 5G, NFC, Wi-Fi","Dimensity 6300, Octa Core, 2.4 GHz Processor","4 GB RAM, 256 GB inbuilt",5260 mAh Battery with Fast Charging,"6.75 inches, 720 x 1600 px, 90 Hz Display with Water Drop Notch",50 MP Rear & 5 MP Front Camera,Android v15
Tecno Camon 50 Pro 4G,4.4,"₹29,990","Dual Sim, 4G, NFC, Wi-Fi, IR Blaster","Helio G200, Octa Core, 2.2 GHz Processor","8 GB RAM, 256 GB inbuilt",6150 mAh Battery,"6.78 inches, 1208 x 2644 px, 144 Hz Display",50 MP + 50 MP + 8 MP Triple Rear & 32 MP Front Camera,Android v16
Honor Magic 8 RSR,4.5,"₹59,990","Dual Sim, 5G, VoLTE, Vo5G, NFC, Wi-Fi, IR Blaster","Snapdragon 8 Elite Gen 5, Octa Core, 4.6 GHz Processor","16 GB RAM, 512 GB inbuilt",7200 mAh Battery with 120W Fast Charging,"6.71 inches, 1256 x 2808 px, 120 Hz Display with Punch Hole",200 MP + 50 MP + 50 MP Triple Rear & 50 MP Front Camera,Android v16
Huawei Nova 15 Ultra,4.25,"₹54,990","Dual Sim, 5G, VoLTE, NFC, Wi-Fi, IR Blaster","Kirin 9010S, Octa Core Processor",256 GB inbuilt,6500 mAh Battery with 50W Fast Charging,"6.84 inches, 1320 x 2856 px, 120 Hz Display with Punch Hole",50 MP + 50 MP + 50 MP Triple Rear & 50 MP Front Camera,HarmonyOS v6.0
Xiaomi Redmi Note 15 4G,4.45,"₹21,999","Dual Sim, 4G, NFC, Wi-Fi","Helio G100 Ultra, Octa Core, 2.2 GHz Processor","6 GB RAM, 128 GB inbuilt",6000 mAh Battery with 33W Fast Charging,"6.77 inches, 1080 x 2392 px, 120 Hz Display",108 MP Rear & 20 MP Front Camera,Memory Card Supported
Huawei Mate 80 RS Ultimate,4.7,"₹1,59,990","Dual Sim, 5G, NFC, Wi-Fi, IR Blaster",Kirin 9030,"20 GB RAM, 512 GB inbuilt",6000 mAh Battery with 100W Fast Charging,"6.9 inches, 1320 x 2848 px, 120 Hz Display with Punch Hole",50 MP Quad Rear & 13 MP Front Camera,HarmonyOS v6.0
Huawei Nova 15,4.5,"₹34,990","Dual Sim, 5G, NFC, Wi-Fi, IR Blaster","Kirin 8020, Octa Core, 2.6 GHz Processor","12 GB RAM, 256 GB inbuilt",6000 mAh Battery with 100W Fast Charging,"6.7 inches, 1084 x 2412 px, 120 Hz Display with Punch Hole",50 MP + 12 MP Dual Rear & 50 MP Front Camera,HarmonyOS v6.0
Honor Magic V6,4.3,"₹1,19,990","Dual Sim, 5G, VoLTE, NFC, eSIM, Wi-Fi, IR Blaster","Snapdragon 8 Elite Gen 5, Octa Core, 4.6 GHz Processor","16 GB RAM, 512 GB inbuilt",6660 mAh Battery with 80W Fast Charging,"7.95 inches, 2172 x 2352 px, 120 Hz Display with Punch Hole","Foldable Display, Dual Display",64 MP + 50 MP + 50 MP Triple Rear & 20 MP + 20 MP Dual Front Camera
Poco M7 4G,4.4,"₹9,999","Dual Sim, 4G, NFC, Wi-Fi, IR Blaster","Snapdragon 685, Octa Core, 2.8 GHz Processor","6 GB RAM, 128 GB inbuilt",7000 mAh Battery with 33W Fast Charging,"6.9 inches, 1080 x 2340 px, 144 Hz Display",50 MP Rear & 8 MP Front Camera,Memory Card Supported
itel Zeno 5G,4.65,"₹9,999","Dual Sim, 5G, VoLTE, Wi-Fi, IR Blaster","Dimensity 6300, Octa Core, 2.4 GHz Processor","4 GB RAM, 128 GB inbuilt",5000 mAh Battery with 18W Fast Charging,"6.67 inches, 720 x 1612 px, 120 Hz Display with Punch Hole",50 MP Dual Rear & 8 MP Front Camera,"Memory Card Supported, upto 1 TB"
Realme Neo 7 Turbo (16GB RAM + 256GB),4.15,"₹26,990","Dual Sim, 5G, VoLTE, Vo5G, NFC, Wi-Fi, IR Blaster","Dimensity 9400e, Octa Core Processor","16 GB RAM, 256 GB inbuilt",7200 mAh Battery with 100W Fast Charging,"6.8 inches, 1280 x 2800 px, 144 Hz Display with Punch Hole",50 MP + 8 MP Dual Rear & 16 MP Front Camera,Android v15
iQOO Neo 10 Pro Plus,4.55,"₹34,990","Dual Sim, 5G, VoLTE, NFC, Wi-Fi, IR Blaster","Snapdragon 8 Elite, Octa Core, 4.32 GHz Processor","12 GB RAM, 256 GB inbuilt",6800 mAh Battery with 120W Fast Charging,"6.82 inches, 1440 x 3168 px, 144 Hz Display with Punch Hole",50 MP + 8 MP Dual Rear & 16 MP Front Camera,Android v15
Vivo V50 Lite 5G,4.65,"₹27,990","Dual Sim, 5G, VoLTE, NFC, Wi-Fi","Dimensity 6300, Octa Core, 2.4 GHz Processor","12 GB RAM, 512 GB inbuilt",6500 mAh Battery with 90W Fast Charging,"6.77 inches, 1080 x 2392 px, 120 Hz Display with Punch Hole",50 MP + 2 MP Dual Rear Camera,Android v15
Infinix Note 50 Pro 4G,4.25,"₹16,999","Dual Sim, 4G, VoLTE, NFC, Wi-Fi, IR Blaster","Helio G100, Octa Core, 2.2 GHz Processor","8 GB RAM, 256 GB inbuilt",5200 mAh Battery with 90W Fast Charging,"6.78 inches, 1080 x 2436 px, 144 Hz Display with Punch Hole",50 MP + 8 MP Dual Rear & 32 MP Front Camera,"Memory Card Supported, upto 2 TB"
Xiaomi 15T,4.2,"₹67,990","Dual Sim, 5G, VoLTE, NFC, eSIM, Wi-Fi, IR Blaster","Dimensity 8400 Ultra, Octa Core, 3.25 GHz Processor","12 GB RAM, 256 GB inbuilt",5500 mAh Battery with 67W Fast Charging,"6.83 inches, 1220 x 2712 px, 120 Hz Display with Punch Hole",50 MP + 50 MP + 12 MP Triple Rear & 32 MP Front Camera,Android v16
Philips S7710 Omni 10,4.3,"₹11,990","Dual Sim, 4G, Wi-Fi","Helio G91, Octa Core, 2 GHz Processor","8 GB RAM, 256 GB inbuilt",5000 mAh Battery with 18W Fast Charging,"6.6 inches, 720 x 1612 px Display with Punch Hole",108 MP + 0.08 MP Dual Rear & 8 MP Front Camera,Memory Card Supported
Infinix Zero 40 5G,4.65,"₹27,999","Dual Sim, 5G, VoLTE, NFC, Wi-Fi, IR Blaster","Dimensity 8200 Ultimate, Octa Core, 3.1 GHz Processor","12 GB RAM, 256 GB inbuilt",5000 mAh Battery with 45W Fast Charging,"6.78 inches, 1080 x 2400 px, 144 Hz Display with Punch Hole",108 MP + 50 MP + 2 MP Triple Rear & 50 MP Front Camera,Android v14
Motorola Moto Edge 60 Neo,4.3,"₹41,990","Dual Sim, 5G, VoLTE, NFC, eSIM, Wi-Fi","Dimensity 7400, Octa Core, 2.6 GHz Processor","8 GB RAM, 128 GB inbuilt",5200 mAh Battery with 65W Fast Charging,"6.36 inches, 1200 x 2670 px, 120 Hz Display with Punch Hole",50 MP + 13 MP + 10 MP Triple Rear & 32 MP Front Camera,Android v15
Huawei Mate 80 Pro,4.7,"₹75,990","Dual Sim, 5G, VoLTE, Vo5G, NFC, Wi-Fi, IR Blaster","Kirin 9030, Octa Core Processor","12 GB RAM, 256 GB inbuilt",5750 mAh Battery with 100W Fast Charging,"6.75 inches, 1280 x 2832 px, 144 Hz Display with Punch Hole",50 MP + 48 MP + 40 MP Triple Rear & 13 MP Front Camera,"Memory Card (Hybrid), upto 256 GB"
Realme Narzo N61,4.35,"₹7,499","Dual Sim, 4G, VoLTE, Wi-Fi","Unisoc T612, Octa Core, 1.8 GHz Processor","4 GB RAM, 64 GB inbuilt",5000 mAh Battery with 10W Fast Charging,"6.74 inches, 720 x 1600 px, 90 Hz Display with Water Drop Notch",32 MP Rear & 5 MP Front Camera,Memory Card Supported
Realme Note 60 4G,4.35,"₹7,990","Dual Sim, 4G, VoLTE, Wi-Fi","Unisoc T612, Octa Core, 1.8 GHz Processor","4 GB RAM, 64 GB inbuilt",5000 mAh Battery with 10W Fast Charging,"6.74 inches, 720 x 1600 px, 90 Hz Display with Punch Hole",32 MP Dual Rear & 5 MP Front Camera,"Memory Card Supported, upto 1 TB"
OPPO Reno 12F 5G,4,"₹29,990","Dual Sim, 5G, VoLTE, NFC, Wi-Fi, IR Blaster","Dimensity 6300, Octa Core, 2.4 GHz Processor","12 GB RAM, 256 GB inbuilt",5000 mAh Battery with 45W Fast Charging,"6.67 inches, 1080 x 2400 px, 120 Hz Display with Punch Hole",50 MP + 8 MP + 2 MP Triple Rear & 32 MP Front Camera,Memory Card (Hybrid)
Realme Neo 7,4.45,"₹24,990","Dual Sim, 5G, VoLTE, Vo5G, NFC, Wi-Fi, IR Blaster","Dimensity 9300 Plus, Octa Core, 3.25 GHz Processor","12 GB RAM, 256 GB inbuilt",7000 mAh Battery with 80W Fast Charging,"6.78 inches, 1264 x 2780 px, 120 Hz Display with Punch Hole",50 MP + 8 MP Dual Rear & 16 MP Front Camera,Android v15
iQOO Z9 Turbo,4.5,"₹32,990","Dual Sim, 5G, VoLTE, NFC, Wi-Fi, IR Blaster","Snapdragon 8s Gen3, Octa Core, 3 GHz Processor","12 GB RAM, 256 GB inbuilt",6000 mAh Battery with 80W Fast Charging,"6.78 inches, 1260 x 2800 px, 120 Hz Display with Punch Hole",50 MP + 8 MP Dual Rear & 16 MP Front Camera,Android v14
Vivo S19,4.6,"₹29,990","Dual Sim, 5G, VoLTE, NFC, Wi-Fi, IR Blaster","Snapdragon 7 Gen3, Octa Core, 2.63 GHz Processor","8 GB RAM, 256 GB inbuilt",6000 mAh Battery with 80W Fast Charging,"6.78 inches, 1260 x 2800 px, 120 Hz Display with Punch Hole",50 MP + 8 MP Dual Rear & 50 MP Front Camera,Android v14
Xiaomi Redmi 13R 5G,4.7,"₹11,999","Dual Sim, 5G, VoLTE, NFC, Wi-Fi","Dimensity 6100 Plus, Octa Core, 2.2 GHz Processor","4 GB RAM, 128 GB inbuilt",5000 mAh Battery with 18W Fast Charging,"6.74 inches, 720 x 1600 px, 90 Hz Display with Water Drop Notch",50 MP + 0.08 MP Dual Rear & 5 MP Front Camera,"Memory Card Supported, upto 1 TB"
Infinix Hot 40 Pro,4.45,"₹12,990","Dual Sim, 4G, VoLTE, NFC, Wi-Fi","Helio G99, Octa Core, 2.2 GHz Processor","8 GB RAM, 128 GB inbuilt",5000 mAh Battery with 44W Fast Charging,"6.78 inches, 1080 x 2460 px, 120 Hz Display with Punch Hole",108 MP + 2 MP + 0.08 MP Triple Rear & 32 MP Front Camera,"Memory Card Supported, upto 1 TB"
Realme GT 5 (240W),4.15,"₹42,990","Dual Sim, 5G, VoLTE, Vo5G, NFC, Wi-Fi, IR Blaster","Snapdragon 8 Gen2, Octa Core, 3.2 GHz Processor","24 GB RAM, 1 TB inbuilt",4600 mAh Battery with 240W Fast Charging,"6.74 inches, 1240 x 2772 px, 144 Hz Display with Punch Hole",50 MP + 8 MP + 2 MP Triple Rear & 16 MP Front Camera,Memory Card Not Supported
Nubia Neo,4.65,"₹15,990","Dual Sim, 5G, VoLTE, NFC, Wi-Fi","Unisoc T820, Octa Core, 2.7 GHz Processor","8 GB RAM, 256 GB inbuilt",4500 mAh Battery with 22.5W Fast Charging,"6.6 inches, 1080 x 2408 px, 120 Hz Display with Water Drop Notch",50 MP + 2 MP Dual Rear & 8 MP Front Camera,Memory Card (Hybrid)
iQOO Neo 9,4.5,"₹26,990","Dual Sim, 5G, VoLTE, NFC, Wi-Fi, IR Blaster","Snapdragon 8 Gen2, Octa Core, 3.2 GHz Processor","12 GB RAM, 256 GB inbuilt",5160 mAh Battery with 120W Fast Charging,"6.78 inches, 1260 x 2800 px, 144 Hz Display with Punch Hole",50 MP + 8 MP Dual Rear & 16 MP Front Camera,Android v14
Xiaomi 14 Pro,4,"₹56,990","Dual Sim, 5G, VoLTE, NFC, Wi-Fi, IR Blaster","Snapdragon 8 Gen3, Octa Core, 3.3 GHz Processor","12 GB RAM, 256 GB inbuilt",4880 mAh Battery with 120W Fast Charging,"6.73 inches, 1440 x 3200 px, 120 Hz Display with Punch Hole",50 MP + 50 MP + 50 MP Triple Rear & 32 MP Front Camera,Memory Card Not Supported
Samsung Galaxy A74 5G,4.55,"₹42,999","Dual Sim, 5G, VoLTE, NFC, Wi-Fi","Snapdragon 7 Gen1, Octa Core, 2.4 GHz Processor","8 GB RAM, 128 GB inbuilt",5000 mAh Battery with 33W Fast Charging,"6.7 inches, 1080 x 2412 px, 120 Hz Display with Punch Hole",108 MP Quad Rear & 32 MP Front Camera,"Memory Card (Hybrid), upto 1 TB"
LG Velvet 5G,4.3,"₹54,999","Dual Sim, 5G, VoLTE, NFC, Wi-Fi","Snapdragon  765G, Octa Core, 2.4 GHz Processor","6 GB RAM, 128 GB inbuilt",4300 mAh Battery with 25W Fast Charging,"6.8 inches, 1080 x 2460 px Display with Water Drop Notch",48 MP + 8 MP + 5 MP Triple Rear & 16 MP Front Camera,Memory Card (Hybrid)
Vivo U3x,4.15,"₹8,990","Dual Sim, 5G, VoLTE, Wi-Fi","Snapdragon  480 , Octa Core, 2 GHz Processor","6 GB RAM, 64 GB inbuilt",5000 mAh Battery with 18W Fast Charging,"6.58 inches, 1080 x 2408 px, 90 Hz Display with Water Drop Notch",13 MP + 2 MP Dual Rear & 8 MP Front Camera,Android v11
Xiaomi Qin 1,4.3,"₹1,799","Dual Sim, Wi-Fi",Helio MT6260A,"8 MB RAM, 16 MB inbuilt",1480 mAh Battery,"2.8 inches, 240 x 320 px Display",No Rear Camera,Nucleus
Vivo Y6 5G,4.15,"₹19,990","Dual Sim, 5G, VoLTE, Wi-Fi","Snapdragon 4 Gen2, Octa Core, 2.2 GHz Processor","8 GB RAM, 128 GB inbuilt",7200 mAh Battery with 44W Fast Charging,"6.75 inches, 720 x 1570 px, 120 Hz Display with Punch Hole",50 MP + 2 MP Dual Rear & 8 MP Front Camera,Android v16
Motorola Moto G Stylus 5G 2026,4.5,"₹53,990","Dual Sim, 5G, NFC, eSIM, Wi-Fi","Snapdragon 6 Gen3, Octa Core, 2.4 GHz Processor","8 GB RAM, 128 GB inbuilt",5200 mAh Battery with 68W Fast Charging,"6.7 inches, 1220 x 2712 px Display",50 MP + 13 MP Dual Rear & 32 MP Front Camera,Memory Card Supported
Honor 500,4.55,"₹39,990","Dual Sim, 5G, VoLTE, NFC, Wi-Fi, IR Blaster","Snapdragon 8s Gen4, Octa Core, 3.2 GHz Processor","12 GB RAM, 256 GB inbuilt",8000 mAh Battery with 80W Fast Charging,"6.55 inches, 1264 x 2736 px, 120 Hz Display with Punch Hole",200 MP + 12 MP Dual Rear & 50 MP Front Camera,Android v16
Realme C85 Pro,4.35,"₹19,990","Dual Sim, 5G, VoLTE, NFC, Wi-Fi","Snapdragon 685, Octa Core, 2.8 GHz Processor","6 GB RAM, 128 GB inbuilt",7000 mAh Battery with 45W Fast Charging,"6.8 inches, 1080 x 2344 px, 120 Hz Display with Punch Hole",50 MP Rear & 8 MP Front Camera,"Memory Card (Hybrid), upto 2 TB"
Huawei Nova Flip S,4.6,"₹41,990","Dual Sim, 5G, VoLTE, NFC, Wi-Fi","Kirin 8030, Octa Core Processor","12 GB RAM, 256 GB inbuilt",4400 mAh Battery with 66W Fast Charging,"6.94 inches, 1136 x 2690 px, 120 Hz Display with Punch Hole","Foldable Display, Dual Display",50 MP + 8 MP Dual Rear & 32 MP Front Camera
ZTE Nubia Air,4.25,"₹24,999","Dual Sim, 5G, NFC, Wi-Fi","Unisoc T8300, Octa Core, 2.2 GHz Processor","8 GB RAM, 256 GB inbuilt",5000 mAh Battery with 33W Fast Charging,"6.78 inches, 1224 x 2720 px Display with Punch Hole",50 MP + 2 MP Dual Rear & 20 MP Front Camera,Android v15
Tecno Spark Slim,4.2,"₹19,999","Dual Sim, 4G, VoLTE, NFC, Wi-Fi, IR Blaster","Helio G200, Octa Core, 2.2 GHz Processor","8 GB RAM, 128 GB inbuilt",5160 mAh Battery with 45W Fast Charging,"6.78 inches, 1224 x 2720 px, 144 Hz Display with Punch Hole",50 MP Rear & 13 MP Front Camera,Android v15
Xiaomi Redmi Note 15 Pro 4G,4.1,"₹19,990","Dual Sim, 4G, VoLTE, NFC, Wi-Fi, IR Blaster","Helio G200, Octa Core, 2.5 GHz Processor","8 GB RAM, 256 GB inbuilt",6500 mAh Battery with 45W Fast Charging,"6.77 inches, 1080 x 2392 px, 120 Hz Display with Punch Hole",200 MP + 8 MP Dual Rear & 32 MP Front Camera,Memory Card Supported
Realme Note 70,4.75,"₹11,990","Dual Sim, 4G, VoLTE, Wi-Fi","Unisoc T7250, Octa Core, 1.8 GHz Processor","4 GB RAM, 128 GB inbuilt",6300 mAh Battery with 15W Fast Charging,"6.74 inches, 720 x 1600 px, 120 Hz Display with Water Drop Notch",13 MP Rear & 5 MP Front Camera,Memory Card Supported
Samsung Galaxy Jump 4,4.5,"₹27,990","Dual Sim, 5G, VoLTE, NFC, Wi-Fi","Exynos 1380, Octa Core, 2.4 GHz Processor","6 GB RAM, 128 GB inbuilt",5000 mAh Battery,"6.7 inches, 120 Hz Display with Water Drop Notch",12 MP + 8 MP + 2 MP Triple Rear & 13 MP Front Camera,"Memory Card Supported, upto 2 TB"
Honor X70,4.15,"₹16,999","Dual Sim, 5G, VoLTE, NFC, Wi-Fi, IR Blaster","Snapdragon 6 Gen4, Octa Core, 2.3 GHz Processor","8 GB RAM, 128 GB inbuilt",8300 mAh Battery with 80W Fast Charging,"6.79 inches, 1200 x 2640 px, 120 Hz Display with Punch Hole",50 MP Rear & 8 MP Front Camera,Android v15
Huawei Mate X7,4.55,"₹1,64,990","Dual Sim, 5G, VoLTE, NFC, Wi-Fi, IR Blaster","Kirin 9030, Octa Core Processor","12 GB RAM, 256 GB inbuilt",5525 mAh Battery with 66W Fast Charging,"8 inches, 2210 x 2416 px, 120 Hz Display with Punch Hole","Foldable Display, Dual Display",50 MP + 50 MP + 40 MP Triple Rear & 8 MP + 8 MP Dual Front Camera
OnePlus Ace 5 Ultra,4.25,"₹29,990","Dual Sim, 5G, VoLTE, Vo5G, NFC, Wi-Fi, IR Blaster","Dimensity 9400 Plus, Octa Core, 3.63 GHz Processor","12 GB RAM, 256 GB inbuilt",6700 mAh Battery with 100W Fast Charging,"6.83 inches, 1272 x 2800 px, 144 Hz Display with Punch Hole",50 MP + 8 MP Dual Rear & 16 MP Front Camera,Memory Card Not Supported
Vivo Y300 GT,4.2,"₹22,999","Dual Sim, 5G, VoLTE, NFC, Wi-Fi, IR Blaster","Dimensity 8400, Octa Core, 3.25 GHz Processor","8 GB RAM, 256 GB inbuilt",7620 mAh Battery with 90W Fast Charging,"6.78 inches, 1260 x 2800 px, 144 Hz Display with Punch Hole",50 MP + 2 MP Dual Rear & 16 MP Front Camera,Android v15
Realme Neo 7x,4.55,"₹15,999","Dual Sim, 5G, VoLTE, Vo5G, NFC, Wi-Fi, IR Blaster","Snapdragon 6 Gen4, Octa Core, 2.3 GHz Processor","8 GB RAM, 128 GB inbuilt",6000 mAh Battery with 45W Fast Charging,"6.67 inches, 1080 x 2400 px, 120 Hz Display with Punch Hole",50 MP Rear & 16 MP Front Camera,Android v15
Nubia Z70 Ultra New Year Edition,4.35,"₹59,990","Dual Sim, 5G, VoLTE, NFC, Wi-Fi, IR Blaster","Snapdragon 8 Elite, Octa Core, 4.32 GHz Processor","12 GB RAM, 256 GB inbuilt",6150 mAh Battery with 80W Fast Charging,"6.85 inches, 1216 x 2688 px, 144 Hz Display",64 MP + 50 MP + 50 MP Triple Rear & 16 MP Front Camera,Android v15
Poco X7 Pro Iron Man Edition,4.35,"₹34,990","Dual Sim, 5G, VoLTE, NFC, Wi-Fi, IR Blaster","Dimensity 8400 Ultra, Octa Core, 3.25 GHz Processor","12 GB RAM, 512 GB inbuilt",6550 mAh Battery with 90W Fast Charging,"6.67 inches, 1220 x 2712 px, 120 Hz Display with Punch Hole",50 MP + 8 MP Dual Rear & 20 MP Front Camera,Android v15
Motorola Moto G15 Power,4.7,"₹13,990","Dual Sim, 4G, VoLTE, NFC, Wi-Fi","Helio G81 Ultra, Octa Core, 2 GHz Processor","8 GB RAM, 128 GB inbuilt",6000 mAh Battery with 18W Fast Charging,"6.72 inches, 1080 x 2400 px Display with Punch Hole",50 MP + 5 MP Dual Rear & 8 MP Front Camera,"Memory Card Supported, upto 1 TB"
Vivo Y29 4G,4.15,"₹14,499","Dual Sim, 4G, VoLTE, NFC, Wi-Fi, IR Blaster","Snapdragon 685, Octa Core, 2.8 GHz Processor","6 GB RAM, 128 GB inbuilt",6500 mAh Battery with 44W Fast Charging,"6.68 inches, 720 x 1608 px, 120 Hz Display with Punch Hole",50 MP + 2 MP Dual Rear & 8 MP Front Camera,Memory Card (Hybrid)
Poco C75 (8GB RAM + 256GB),4.3,"₹10,990","Dual Sim, 4G, VoLTE, NFC, Wi-Fi","Helio G81 Ultra, Octa Core, 2 GHz Processor","8 GB RAM, 256 GB inbuilt",5160 mAh Battery with 18W Fast Charging,"6.88 inches, 720 x 1640 px, 120 Hz Display with Water Drop Notch",50 MP + Auxiliary lens Dual Rear & 13 MP Front Camera,"Memory Card Supported, upto 1 TB"
Samsung Galaxy M55s 5G (12GB RAM + 256GB),4.45,"₹34,990","Dual Sim, 5G, VoLTE, NFC, Wi-Fi","Snapdragon 7 Gen1, Octa Core, 2.4 GHz Processor","12 GB RAM, 256 GB inbuilt",5000 mAh Battery with 45W Fast Charging,"6.7 inches, 1080 x 2400 px, 120 Hz Display with Punch Hole",50 MP + 8 MP + 2 MP Triple Rear & 50 MP Front Camera,"Memory Card (Hybrid), upto 1 TB"
Infinix Note 40 Pro Racing Edition,4.6,"₹21,999","Dual Sim, 5G, VoLTE, NFC, Wi-Fi, IR Blaster","Dimensity 7020, Octa Core, 2.2 GHz Processor","8 GB RAM, 256 GB inbuilt",5000 mAh Battery with 45W Fast Charging,"6.78 inches, 1080 x 2436 px, 120 Hz Display with Punch Hole",108 MP + 2 MP + 2 MP Triple Rear & 32 MP Front Camera,Android v14
Motorola Moto G47 5G,4.1,"₹29,990","Dual Sim, 5G, VoLTE, NFC, Wi-Fi","Dimensity 6300, Octa Core, 2.4 GHz Processor","8 GB RAM, 128 GB inbuilt",5200 mAh Battery with 20W Fast Charging,"6.67 inches, 1080 x 2400 px, 120 Hz Display with Punch Hole",108 MP + 2 MP Dual Rear & 8 MP Front Camera,"Memory Card (Hybrid), upto 1 TB"
Motorola Moto S50,4.35,"₹26,990","Dual Sim, 5G, VoLTE, Wi-Fi","Dimensity 7300, Octa Core Processor","12 GB RAM, 256 GB inbuilt",4310 mAh Battery with 68W Fast Charging,"6.36 inches, 1272 x 2670 px, 120 Hz Display with Punch Hole",50 MP + 13 MP + 10 MP Triple Rear & 32 MP Front Camera,Android v14
Poco F7 Pro 5G,4.65,"₹42,990","Dual Sim, 5G, VoLTE, NFC, Wi-Fi, IR Blaster","Snapdragon 8 Gen3, Octa Core, 3.3 GHz Processor","12 GB RAM, 256 GB inbuilt",6000 mAh Battery with 90W Fast Charging,"6.67 inches, 1440 x 3200 px, 120 Hz Display with Punch Hole",50 MP + 8 MP Dual Rear & 20 MP Front Camera,Android v15
Motorola Moto S50 Neo,4.4,"₹15,990","Dual Sim, 5G, VoLTE, NFC, Wi-Fi","Snapdragon 6s Gen 3, Octa Core, 2.2 GHz Processor","8 GB RAM, 256 GB inbuilt",5000 mAh Battery with 30W Fast Charging,"6.7 inches, 1080 x 2400 px, 120 Hz Display with Punch Hole",50 MP + 8 MP Dual Rear & 32 MP Front Camera,Memory Card Supported
Poco M6 4G,4,"₹10,999","Dual Sim, 4G, VoLTE, NFC, Wi-Fi, IR Blaster","Helio G91 Ultra, Octa Core, 2 GHz Processor","6 GB RAM, 128 GB inbuilt",5030 mAh Battery with 33W Fast Charging,"6.79 inches, 1080 x 2460 px, 90 Hz Display with Punch Hole",108 MP + 2 MP Dual Rear & 13 MP Front Camera,"Memory Card (Hybrid), upto 1 TB"
Tecno Spark 20 Pro,4.35,"₹12,999","Dual Sim, 4G, VoLTE, NFC, Wi-Fi","Helio G99, Octa Core, 2.2 GHz Processor","8 GB RAM, 256 GB inbuilt",5000 mAh Battery with 33W Fast Charging,"6.78 inches, 1080 x 2460 px, 120 Hz Display with Punch Hole",108 MP + 0.08 MP Dual Rear & 32 MP Front Camera,Memory Card Supported
Honor 100 Pro,4.7,"₹39,990","Dual Sim, 5G, VoLTE, NFC, Wi-Fi","Snapdragon 8 Gen2, Octa Core, 3.2 GHz Processor","12 GB RAM, 256 GB inbuilt",5000 mAh Battery with 100W Fast Charging,"6.78 inches, 1224 x 2700 px, 120 Hz Display with Punch Hole",50 MP + 32 MP + 12 MP Triple Rear & 50 MP + 2 MP Dual Front Camera,Android v13
Tecno Pova 5 Pro,4.65,"₹14,999","Dual Sim, 5G, VoLTE, NFC, Wi-Fi","Dimensity 6080, Octa Core, 2.4 GHz Processor","8 GB RAM, 128 GB inbuilt",5000 mAh Battery with 68W Fast Charging,"6.78 inches, 1080 x 2460 px, 120 Hz Display with Punch Hole",50 MP + 0.08 MP Dual Rear & 16 MP Front Camera,"Memory Card Supported, upto 1 TB"
Vivo V27 4G,4.1,"₹19,990","Dual Sim, 5G, VoLTE, Wi-Fi","Helio, Octa Core, 2 GHz Processor","8 GB RAM, 128 GB inbuilt",4600 mAh Battery with 66W Fast Charging,"6.64 inches, 1080 x 2400 px, 120 Hz Display with Punch Hole",50 MP + 8 MP + 2 MP Triple Rear & 16 MP Front Camera,Memory Card Supported
Honor X9a,4.6,"₹27,999","Dual Sim, 5G, VoLTE, NFC, Wi-Fi","Snapdragon 695, Octa Core, 2.2 GHz Processor","8 GB RAM, 256 GB inbuilt",5100 mAh Battery with 40W Fast Charging,"6.67 inches, 1080 x 2400 px, 120 Hz Display with Punch Hole",64 MP + 5 MP + 2 MP Triple Rear & 16 MP Front Camera,Android v12
Sony Xperia 10 V,4.05,"₹39,999","Dual Sim, 5G, VoLTE, NFC, Wi-Fi","Snapdragon 695, Octa Core, 2.2 GHz Processor","6 GB RAM, 128 GB inbuilt",5000 mAh Battery with 21W Fast Charging,"6.1 inches, 1080 x 2520 px Display",48 MP + 8 MP + 8 MP Triple Rear & 8 MP Front Camera,Memory Card (Hybrid)
Samsung Galaxy A24,4,"₹17,999","Dual Sim, 4G, VoLTE, NFC, Wi-Fi","Helio G99, Octa Core, 2.2 GHz Processor","6 GB RAM, 128 GB inbuilt",5000 mAh Battery with 25W Fast Charging,"6.5 inches, 1080 x 2340 px, 90 Hz Display with Water Drop Notch",50 MP + 5 MP + 2 MP Triple Rear & 13 MP Front Camera,"Memory Card Supported, upto 1 TB"
Samsung Galaxy A15 4G,4.35,"₹12,990","Dual Sim, 4G, VoLTE, Wi-Fi","Helio G99, Octa Core, 2.2 GHz Processor","8 GB RAM, 128 GB inbuilt",5000 mAh Battery with 25W Fast Charging,"6.5 inches, 1080 x 2340 px Display with Water Drop Notch",50 MP + 5 MP + 2 MP Triple Rear & 13 MP Front Camera,"Memory Card Supported, upto 1 TB"
Samsung Galaxy S22 Ultra 5G (8GB RAM + 128GB),4.05,"₹99,990","Dual Sim, 5G, VoLTE, NFC, Wi-Fi","Snapdragon 8 Gen1, Octa Core, 3 GHz Processor","8 GB RAM, 128 GB inbuilt",5000 mAh Battery with 45W Fast Charging,"6.8 inches, 1440 x 3080 px, 120 Hz Display with Punch Hole",108 MP Quad Rear & 40 MP Front Camera,Android v12
Vivo Y55 5G,4.15,"₹20,990","Dual Sim, 5G, VoLTE, NFC, Wi-Fi","Dimensity 700 5G, Octa Core, 2.2 GHz Processor","4 GB RAM, 128 GB inbuilt",5000 mAh Battery with 18W Fast Charging,"6.58 inches, 1080 x 2408 px Display with Water Drop Notch",50 MP + 2 MP + 2 MP Triple Rear & 8 MP Front Camera,Memory Card Supported
Sony Xperia 10 III Lite 5G,4.2,"₹30,990","Single Sim, 5G, VoLTE, NFC, Wi-Fi","Snapdragon  690 , Octa Core, 2 GHz Processor","6 GB RAM, 64 GB inbuilt",4500 mAh Battery with 30W Fast Charging,"6 inches, 1080 x 2520 px Display",12 MP + 8 MP + 8 MP Triple Rear & 8 MP Front Camera,Memory Card Supported
Huawei Pura 90,4.35,"₹69,990","Dual Sim, 5G, NFC, Wi-Fi, IR Blaster","Kirin 9010s, Octa Core Processor","12 GB RAM, 256 GB inbuilt",6500 mAh Battery with 100W Fast Charging,"6.8 inches, 1320 x 2856 px, 120 Hz Display with Punch Hole",50 MP + 50 MP + 12.5 MP Triple Rear & 50 MP Front Camera,HarmonyOS v6.1
Huawei Enjoy 90,4.45,"₹16,999","Dual Sim, 5G, Wi-Fi","Kirin 8000A, Octa Core Processor","8 GB RAM, 128 GB inbuilt",6620 mAh Battery with 40W Fast Charging,"6.67 inches, 720 x 1604 px, 120 Hz Display with Punch Hole",50 MP Rear & 8 MP Front Camera,HarmonyOS v6.0
Realme C100,4.4,"₹20,999","Dual Sim, 5G, VoLTE, Wi-Fi","Dimensity 6300, Octa Core, 2.4 GHz Processor","4 GB RAM, 128 GB inbuilt",7000 mAh Battery with 45W Fast Charging,"6.8 inches, 720 x 1570 px, 120 Hz Display with Water Drop Notch",50 MP Rear & 5 MP Front Camera,Memory Card (Hybrid)
Motorola Moto G67,4.3,"₹25,990","Dual Sim, 5G, VoLTE, NFC, Wi-Fi","Dimensity 6300, Octa Core, 2.4 GHz Processor","4 GB RAM, 128 GB inbuilt",5200 mAh Battery with 30W Fast Charging,"6.78 inches, 1272 x 2772 px, 120 Hz Display with Punch Hole",50 MP + 8 MP Dual Rear & 32 MP Front Camera,Memory Card (Hybrid)
Oppo A6 4G 2026,4.5,"₹12,990","Dual Sim, 4G, NFC, Wi-Fi","Snapdragon 685, Octa Core, 2.8 GHz Processor","6 GB RAM, 128 GB inbuilt",7000 mAh Battery with 45W Fast Charging,"6.75 inches, 720 x 1570 px, 120 Hz Display with Punch Hole",50 MP Rear & 8 MP Front Camera,Memory Card Supported
Oppo A6s 4G,4.4,"₹11,990","Dual Sim, 4G, NFC, Wi-Fi","Snapdragon 685, Octa Core, 2.8 GHz Processor","8 GB RAM, 128 GB inbuilt",7000 mAh Battery with 80W Fast Charging,"6.75 inches, 720 x 1570 px, 120 Hz Display",50 MP Dual Rear & 16 MP Front Camera,Memory Card Supported
Jolla Phone,4.45,"₹51,999","Dual Sim, 5G, NFC, Wi-Fi",Helio,"12 GB RAM, 256 GB inbuilt",5500 mAh Battery,"6.36 inches, 1080 x 2260 px Display",50 MP + 13 MP Dual Rear & Main Front Camera,Memory Card Supported
Huawei Mate 80 Pro Max,4.3,"₹1,09,990","Dual Sim, 5G, NFC, Wi-Fi, IR Blaster",Kirin 9030,"16 GB RAM, 512 GB inbuilt",6000 mAh Battery with 100W Fast Charging,"6.9 inches, 1320 x 2848 px, 120 Hz Display",50 MP Quad Rear & 13 MP Front Camera,HarmonyOS v6.0
Motorola Moto G (2026),4.7,"₹17,999","Dual Sim, 5G, NFC, eSIM, Wi-Fi","Dimensity 6300, Octa Core, 2.4 GHz Processor","4 GB RAM, 128 GB inbuilt",5200 mAh Battery with 30W Fast Charging,"6.7 inches, 720 x 1604 px, 120 Hz Display",50 MP + 2 MP Dual Rear & 32 MP Front Camera,Memory Card Supported
Vivo V60 Lite 4G,4.7,"₹19,990","Dual Sim, 4G, VoLTE, NFC, Wi-Fi","Snapdragon 685, Octa Core, 2.8 GHz Processor","8 GB RAM, 256 GB inbuilt",6500 mAh Battery with 80W Fast Charging,"6.77 inches, 1080 x 2392 px, 120 Hz Display with Punch Hole",50 MP + 8 MP Dual Rear & 32 MP Front Camera,Memory Card (Hybrid)
Samsung Galaxy A17 4G,4.55,"₹19,990","Dual Sim, 4G, NFC, Wi-Fi","Helio G99, Octa Core, 2.2 GHz Processor","4 GB RAM, 128 GB inbuilt",5000 mAh Battery with 25W Fast Charging,"6.7 inches, 1080 x 2340 px Display",50 MP + 5 MP + 2 MP Triple Rear & 13 MP Front Camera,Memory Card Supported
Honor X7d,4.65,"₹14,999","Dual Sim, 4G, VoLTE, NFC, Wi-Fi","Snapdragon 685, Octa Core, 2.8 GHz Processor","6 GB RAM, 128 GB inbuilt",6500 mAh Battery with 35W Fast Charging,"6.77 inches, 720 x 1610 px, 120 Hz Display with Punch Hole",108 MP + 2 MP Dual Rear & 8 MP Front Camera,Memory Card Supported
Honor X7c 5G,4.35,"₹19,990","Dual Sim, 5G, VoLTE, NFC, Wi-Fi","Snapdragon 4 Gen2, Octa Core, 2.2 GHz Processor","8 GB RAM, 256 GB inbuilt",5200 mAh Battery with 35W Fast Charging,"6.8 inches, 1080 x 2412 px, 90 Hz Display with Punch Hole",50 MP + 2 MP Dual Rear & 5 MP Front Camera,Android v14
Xiaomi Redmi 15 4G,4.7,"₹13,990","Dual Sim, 4G, VoLTE, NFC, Wi-Fi, IR Blaster","Snapdragon 685, Octa Core, 2.8 GHz Processor","6 GB RAM, 128 GB inbuilt",7000 mAh Battery with 33W Fast Charging,"6.9 inches, 1080 x 2340 px, 144 Hz Display with Punch Hole",50 MP Dual Rear & 8 MP Front Camera,Memory Card Supported
Realme Note 70T,4,"₹9,990","Dual Sim, 4G, VoLTE, Wi-Fi","Unisoc T7250, Octa Core, 1.8 GHz Processor","4 GB RAM, 128 GB inbuilt",6000 mAh Battery with 15W Fast Charging,"6.74 inches, 720 x 1600 px, 90 Hz Display with Water Drop Notch",50 MP + 13 MP Dual Rear & 5 MP Front Camera,Memory Card Supported
Oppo A5i Pro 5G,4.3,"₹16,990","Dual Sim, 5G, VoLTE, NFC, Wi-Fi","Dimensity 6300, Octa Core, 2.4 GHz Processor","8 GB RAM, 256 GB inbuilt",6000 mAh Battery with 45W Fast Charging,"6.67 inches, 720 x 1604 px, 90 Hz Display with Punch Hole",50 MP + 2 MP Dual Rear & 8 MP Front Camera,Memory Card Supported
Sharp Aquos R10,4.25,"₹29,990","Dual Sim, 5G, NFC, eSIM, Wi-Fi","Snapdragon 7+ Gen 3, Octa Core, 2.8 GHz Processor","12 GB RAM, 256 GB inbuilt",5000 mAh Battery with 36W Fast Charging,"6.5 inches, 1080 x 2340 px Display with Punch Hole",50.3 MP + 50.3 MP Dual Rear & 50.3 MP Front Camera,Memory Card Supported
Realme Neo 7 Turbo (12GB RAM + 512GB),4,"₹29,990","Dual Sim, 5G, VoLTE, Vo5G, NFC, Wi-Fi, IR Blaster","Dimensity 9400e, Octa Core Processor","12 GB RAM, 512 GB inbuilt",7200 mAh Battery with 100W Fast Charging,"6.8 inches, 1280 x 2800 px, 144 Hz Display with Punch Hole",50 MP + 8 MP Dual Rear & 16 MP Front Camera,Android v15
Realme Neo 7 Turbo (16GB RAM + 512GB),4.35,"₹31,990","Dual Sim, 5G, VoLTE, Vo5G, NFC, Wi-Fi, IR Blaster","Dimensity 9400e, Octa Core Processor","16 GB RAM, 512 GB inbuilt",7200 mAh Battery with 100W Fast Charging,"6.8 inches, 1280 x 2800 px, 144 Hz Display with Punch Hole",50 MP + 8 MP Dual Rear & 16 MP Front Camera,Android v15
Huawei Nova 14,4.1,"₹30,990","Dual Sim, 5G, NFC, Wi-Fi, IR Blaster",256 GB inbuilt,5500 mAh Battery with 100W Fast Charging,"6.7 inches, 1084 x 2412 px Display",50 MP + 12 MP + 8 MP Triple Rear & 50 MP Front Camera,v5.0,No FM Radio
Nubia Z70S Ultra,4.1,"₹54,990","Dual Sim, 5G, VoLTE, NFC, Wi-Fi, IR Blaster","Snapdragon 8 Elite, Octa Core, 4.32 GHz Processor","12 GB RAM, 256 GB inbuilt",6600 mAh Battery with 80W Fast Charging,"6.85 inches, 1216 x 2688 px, 144 Hz Display",64 MP + 50 MP + 50 MP Triple Rear & 16 MP Front Camera,Android v15
Google Pixel 9A (8GB RAM + 128GB),4.1,"₹46,999","Dual Sim, 5G, VoLTE, NFC, eSIM, Wi-Fi","Tensor G4, Octa Core, 3.1 GHz Processor","8 GB RAM, 128 GB inbuilt",5100 mAh Battery with 23W Fast Charging,"6.3 inches, 1080 x 2424 px, 120 Hz Display with Punch Hole",48 MP + 13 MP Dual Rear & 13 MP Front Camera,Memory Card Not Supported
Meizu 22,4.15,"₹37,990","Dual Sim, 5G, VoLTE, Vo5G, NFC, Wi-Fi, IR Blaster","Snapdrago 8s Gen 4, Octa Core, 3.21 GHz Processor","12 GB RAM, 256 GB inbuilt",5510 mAh Battery with 66W Fast Charging,"6.3 inches, 1200 x 2670 px, 120 Hz Display with Punch Hole",50 MP + 50 MP + 50 MP Triple Rear & 50 MP Front Camera,Memory Card Not Supported
Honor Magic 8 Lite,4.3,"₹37,990","Dual Sim, 5G, VoLTE, NFC, Wi-Fi, IR Blaster","Snapdragon 6 Gen4, Octa Core, 2.3 GHz Processor","8 GB RAM, 256 GB inbuilt",7500 mAh Battery with 66W Fast Charging,"6.79 inches, 1200 x 2640 px, 120 Hz Display with Punch Hole",108 MP + 5 MP Dual Rear & 16 MP Front Camera,Android v15
Lava Blaze Duo,4.3,"₹16,999","Dual Sim, 5G, VoLTE, Vo5G, Wi-Fi","Dimensity 7025, Octa Core, 2.5 GHz Processor","6 GB RAM, 128 GB inbuilt",5000 mAh Battery with 33W Fast Charging,"6.67 inches, 1080 x 2400 px, 120 Hz Display with Punch Hole",Dual Display,64 MP + 2 MP Dual Rear & 16 MP Front Camera
Tecno Phantom V Fold 2,4.65,"₹99,999","Dual Sim, 5G, VoLTE, NFC, Wi-Fi","Dimensity 9000 Plus, Octa Core, 3.2 GHz Processor","12 GB RAM, 512 GB inbuilt",5750 mAh Battery with 70W Fast Charging,"7.85 inches, 2000 x 2296 px, 120 Hz Display","Foldable Display, Dual Display",50 MP + 50 MP + 50 MP Triple Rear & 32 MP + 32 MP Dual Front Camera
Tecno POP 9 4G,4.5,"₹8,499","Dual Sim, 4G, VoLTE, Wi-Fi, IR Blaster","Helio G50, Octa Core Processor","3 GB RAM, 64 GB inbuilt",5000 mAh Battery with Fast Charging,"6.67 inches, 720 x 1600 px, 90 Hz Display with Punch Hole",13 MP Rear & Main Front Camera,"Memory Card Supported, upto 1 TB"
Vivo S20 Pro,4.3,"₹40,990","Dual Sim, 5G, VoLTE, NFC, Wi-Fi, IR Blaster","Dimensity 9300 Plus, Octa Core, 3.25 GHz Processor","12 GB RAM, 256 GB inbuilt",5500 mAh Battery with 90W Fast Charging,"6.67 inches, 1260 x 2800 px, 120 Hz Display with Punch Hole",50 MP + 50 MP + 50 MP Triple Rear & 50 MP Front Camera,Android v15
itel S25,4,"₹8,990","Dual Sim, 4G, NFC, Wi-Fi, IR Blaster","Unisoc T620, Octa Core, 2.2 GHz Processor","6 GB RAM, 128 GB inbuilt",5000 mAh Battery with 18W Fast Charging,"6.78 inches, 1080 x 2436 px Display with Punch Hole",50 MP Rear & 32 MP Front Camera,Memory Card Supported
Vivo S20,4.45,"₹25,990","Dual Sim, 5G, VoLTE, NFC, Wi-Fi, IR Blaster","Snapdragon 7 Gen3, Octa Core, 2.63 GHz Processor","8 GB RAM, 256 GB inbuilt",6500 mAh Battery with 90W Fast Charging,"6.67 inches, 1260 x 2800 px, 120 Hz Display with Punch Hole",50 MP + 8 MP Dual Rear & 50 MP Front Camera,Android v15
Realme P1 Speed 5G,4.45,"₹17,999","Dual Sim, 5G, VoLTE, Wi-Fi","Dimensity 7300 E, Octa Core, 2.5 GHz Processor","8 GB RAM, 128 GB inbuilt",5000 mAh Battery with 45W Fast Charging,"6.67 inches, 1080 x 2400 px, 120 Hz Display with Punch Hole",50 MP + 2 MP Dual Rear & 16 MP Front Camera,"Memory Card (Hybrid), upto 2 TB"
Lava Blaze 3 5G,4.75,"₹10,999","Dual Sim, 5G, VoLTE, Wi-Fi","Dimensity 6300, Octa Core, 2.4 GHz Processor","6 GB RAM, 128 GB inbuilt",5000 mAh Battery with 18W Fast Charging,"6.56 inches, 720 x 1600 px, 90 Hz Display with Punch Hole",50 MP + 2 MP Dual Rear & 8 MP Front Camera,"Memory Card Supported, upto 1 TB"
Realme 13 Plus 5G,4.15,"₹22,999","Dual Sim, 5G, VoLTE, NFC, Wi-Fi","Dimensity 7300 E, Octa Core, 2.5 GHz Processor","8 GB RAM, 128 GB inbuilt",5000 mAh Battery with 80W Fast Charging,"6.67 inches, 1080 x 2400 px, 120 Hz Display with Punch Hole",50 MP + 2 MP Dual Rear & 16 MP Front Camera,"Memory Card (Hybrid), upto 2 TB"
Honor X60,4.05,"₹13,990","Dual Sim, 5G, VoLTE, Wi-Fi, IR Blaster","Dimensity 7025, Octa Core, 2.5 GHz Processor","8 GB RAM, 128 GB inbuilt",5800 mAh Battery with 35W Fast Charging,"6.8 inches, 1080 x 2412 px, 120 Hz Display with Punch Hole",108 MP + 2 MP Dual Rear & 8 MP Front Camera,Android v14
Honor Magic 7 Pro,4.2,"₹66,990","Dual Sim, 5G, VoLTE, NFC, Wi-Fi, IR Blaster","Snapdragon 8 Elite, Octa Core, 4.32 GHz Processor","12 GB RAM, 256 GB inbuilt",5850 mAh Battery with 100W Fast Charging,"6.8 inches, 1280 x 2800 px, 120 Hz Display with Punch Hole",200 MP + 50 MP + 50 MP Triple Rear & 50 MP Front Camera,Android v15
Nubia Red Magic 9s Pro,4.45,"₹54,990","Dual Sim, 5G, VoLTE, NFC, Wi-Fi, IR Blaster","Snapdragon 8 Gen 3, Octa Core, 3.4 GHz Processor","12 GB RAM, 256 GB inbuilt",6500 mAh Battery with 80W Fast Charging,"6.8 inches, 1116 x 2480 px, 120 Hz Display",50 MP + 50 MP + 2 MP Triple Rear & 16 MP Front Camera,Memory Card Not Supported
Xiaomi 14T,4.25,"₹60,990","Dual Sim, 5G, VoLTE, NFC, Wi-Fi, IR Blaster","Dimensity 8300 Ultra, Octa Core, 3.35 GHz Processor","12 GB RAM, 256 GB inbuilt",5000 mAh Battery with 67W Fast Charging,"6.67 inches, 1220 x 2712 px, 144 Hz Display with Punch Hole",50 MP + 50 MP + 12 MP Triple Rear & 32 MP Front Camera,Android v14
Honor Magic V3,4.5,"₹1,85,990","Dual Sim, 5G, VoLTE, NFC, eSIM, Wi-Fi, IR Blaster","Snapdragon 8 Gen3, Octa Core, 3.3 GHz Processor","12 GB RAM, 256 GB inbuilt",5150 mAh Battery with 66W Fast Charging,"7.92 inches, 2156 x 2344 px, 120 Hz Display with Punch Hole","Foldable Display, Dual Display",50 MP + 50 MP + 40 MP Triple Rear & 20 MP + 20 MP Dual Front Camera
Vivo Y300 Pro 5G,4.3,"₹21,990","Dual Sim, 5G, VoLTE, Wi-Fi, IR Blaster","Snapdragon 6 Gen1, Octa Core, 2.2 GHz Processor","8 GB RAM, 128 GB inbuilt",6500 mAh Battery with 80W Fast Charging,"6.77 inches, 1080 x 2392 px, 120 Hz Display with Punch Hole",50 MP + 2 MP Dual Rear & 32 MP Front Camera,Android v14
OPPO Find X8 Ultra,4.25,"₹76,990","Dual Sim, 5G, VoLTE, NFC, Wi-Fi, IR Blaster","Snapdragon 8 Elite, Octa Core, 4.32 GHz Processor","12 GB RAM, 256 GB inbuilt",6100 mAh Battery with 100W Fast Charging,"6.82 inches, 1440 x 3168 px, 120 Hz Display with Punch Hole",50 MP Quad Rear & 32 MP Front Camera,Android v15
Redmi K80 Ultra,4.5,"₹32,990","Dual Sim, 5G, VoLTE, NFC, Wi-Fi, IR Blaster","Dimensity 9400 Plus, Octa Core, 3.63 GHz Processor","12 GB RAM, 256 GB inbuilt",7410 mAh Battery with 100W Fast Charging,"6.83 inches, 1280 x 2772 px, 144 Hz Display with Punch Hole",50 MP + 8 MP Dual Rear & 20 MP Front Camera,Android v15
Vivo Y18s,4.65,"₹9,990","Dual Sim, 4G, VoLTE, Wi-Fi","Helio G85, Octa Core, 2 GHz Processor","6 GB RAM, 128 GB inbuilt",5000 mAh Battery with 15W Fast Charging,"6.56 inches, 720 x 1612 px, 90 Hz Display with Water Drop Notch",50 MP + 0.08 MP Dual Rear & 8 MP Front Camera,"Memory Card Supported, upto 1 TB"
Oppo A1s 5G,4.75,"₹13,990","Dual Sim, 5G, VoLTE, Wi-Fi","Dimensity 6020, Octa Core, 2.2 GHz Processor","12 GB RAM, 256 GB inbuilt",5000 mAh Battery with 33W Fast Charging,"6.72 inches, 1080 x 2400 px, 90 Hz Display with Water Drop Notch",50 MP + 2 MP Dual Rear & 8 MP Front Camera,Android v14
Xiaomi Redmi Turbo 3,4.3,"₹23,990","Dual Sim, 5G, VoLTE, NFC, Wi-Fi, IR Blaster","Snapdragon 8s Gen3, Octa Core, 3 GHz Processor","12 GB RAM, 256 GB inbuilt",5000 mAh Battery with 90W Fast Charging,"6.67 inches, 1220 x 2712 px, 144 Hz Display with Punch Hole",50 MP + 8 MP Dual Rear & 20 MP Front Camera,Android v14
Infinix Note 40S,4.65,"₹14,990","Dual Sim, 4G, VoLTE, NFC, Wi-Fi, IR Blaster","Helio G99, Octa Core, 2.2 GHz Processor","8 GB RAM, 256 GB inbuilt",5000 mAh Battery with 45W Fast Charging,"6.78 inches, 1080 x 2436 px, 120 Hz Display with Punch Hole",108 MP + 2 MP Dual Rear & 32 MP Front Camera,Memory Card Supported
Honor Magic 6 RSR,4.7,"₹1,14,990","Dual Sim, 5G, VoLTE, Vo5G, NFC, Wi-Fi, IR Blaster","Snapdragon 8 Gen3, Octa Core, 3.3 GHz Processor","24 GB RAM, 1 TB inbuilt",5600 mAh Battery with 80W Fast Charging,"6.8 inches, 1280 x 2800 px, 120 Hz Display with Punch Hole",180 MP + 50 MP + 50 MP Triple Rear & 50 MP Dual Front Camera,Android v14
Infinix Hot 50 4G,4.4,"₹9,990","Dual Sim, 4G, VoLTE, NFC, Wi-Fi","Helio G100, Octa Core, 2.2 GHz Processor","6 GB RAM, 128 GB inbuilt",5000 mAh Battery with 18W Fast Charging,"6.78 inches, 1080 x 2460 px, 120 Hz Display with Punch Hole",50 MP Dual Rear & 8 MP Front Camera,"Memory Card Supported, upto 1 TB"
Tecno Camon 30,4.3,"₹14,990","Dual Sim, 4G, VoLTE, NFC, Wi-Fi, IR Blaster","Helio G99 Ultimate, Octa Core, 2.2 GHz Processor","8 GB RAM, 256 GB inbuilt",5000 mAh Battery with 70W Fast Charging,"6.78 inches, 1080 x 2436 px, 120 Hz Display with Punch Hole",50 MP + 2 MP + 0.08 MP Triple Rear & 50 MP Front Camera,"Memory Card Supported, upto 1 TB"
Samsung Galaxy C55 5G,4.1,"₹24,990","Dual Sim, 5G, VoLTE, NFC, Wi-Fi","Snapdragon 7 Gen1, Octa Core, 2.4 GHz Processor","8 GB RAM, 256 GB inbuilt",5000 mAh Battery with 45W Fast Charging,"6.7 inches, 1080 x 2400 px, 120 Hz Display with Punch Hole",50 MP + 8 MP + 2 MP Triple Rear & 50 MP Front Camera,"Memory Card (Hybrid), upto 1 TB"
Oppo K12,4.4,"₹21,999","Dual Sim, 5G, VoLTE, NFC, Wi-Fi, IR Blaster","Snapdragon 7 Gen3, Octa Core, 2.63 GHz Processor","8 GB RAM, 256 GB inbuilt",5500 mAh Battery with 100W Fast Charging,"6.7 inches, 1080 x 2412 px, 120 Hz Display with Punch Hole",50 MP + 8 MP Dual Rear & 16 MP Front Camera,Memory Card (Hybrid)
Oppo Reno 11F 5G,4.2,"₹25,990","Dual Sim, 5G, VoLTE, NFC, Wi-Fi, IR Blaster","Dimensity 7050, Octa Core, 2.6 GHz Processor","8 GB RAM, 256 GB inbuilt",5000 mAh Battery with 67W Fast Charging,"6.7 inches, 1080 x 2412 px, 120 Hz Display with Punch Hole",64 MP + 8 MP + 2 MP Triple Rear & 32 MP Front Camera,Memory Card (Hybrid)
Motorola Moto G Stylus 5G 2024,4.75,"₹33,499","Single Sim, 5G, VoLTE, NFC, Wi-Fi","Snapdragon 6 Gen1, Octa Core, 2.2 GHz Processor","8 GB RAM, 256 GB inbuilt",5000 mAh Battery with 30W Fast Charging,"6.7 inches, 1080 x 2400 px, 120 Hz Display with Punch Hole",50 MP + 13 MP Dual Rear & 32 MP Front Camera,"Memory Card Supported, upto 2 TB"
Vivo V40 Lite 5G,4.65,"₹29,990","Single Sim, 5G, VoLTE, NFC, Wi-Fi","Snapdragon 6 Gen1, Octa Core, 2.2 GHz Processor","8 GB RAM, 256 GB inbuilt",5500 mAh Battery with 44W Fast Charging,"6.78 inches, 1080 x 2400 px, 120 Hz Display with Punch Hole",50 MP + 8 MP + 2 MP Triple Rear & 32 MP Front Camera,Memory Card (Hybrid)
Infinix Note 40,4.3,"₹15,999","Dual Sim, 4G, VoLTE, NFC, Wi-Fi, IR Blaster","Helio G99 Ultimate, Octa Core, 2.2 GHz Processor","8 GB RAM, 256 GB inbuilt",5000 mAh Battery with 45W Fast Charging,"6.78 inches, 1080 x 2436 px, 120 Hz Display with Punch Hole",108 MP + 2 MP Triple Rear & 32 MP Front Camera,Memory Card Supported
Motorola Moto E14,4.45,"₹6,999","Dual Sim, 4G, VoLTE, Wi-Fi","Unisoc T606, Octa Core, 1.6 GHz Processor","2 GB RAM, 64 GB inbuilt",5000 mAh Battery with 15W Fast Charging,"6.56 inches, 720 x 1612 px Display with Water Drop Notch",13 MP Rear & 5 MP Front Camera,"Memory Card Supported, upto 1 TB"
Infinix Smart 8 Pro,4,"₹8,999","Dual Sim, 4G, VoLTE, Wi-Fi","Helio G36, Octa Core, 2.2 GHz Processor","4 GB RAM, 64 GB inbuilt",5000 mAh Battery with 10W Fast Charging,"6.6 inches, 720 x 1612 px, 90 Hz Display with Punch Hole",50 MP + 0.08 MP Dual Rear & 8 MP Front Camera,"Memory Card Supported, upto 2 TB"
Infinix Note 40 Pro 4G,4.35,"₹21,999","Dual Sim, 4G, VoLTE, NFC, Wi-Fi, IR Blaster","Helio G99 Ultimate, Octa Core, 2.2 GHz Processor","8 GB RAM, 256 GB inbuilt",5000 mAh Battery with 70W Fast Charging,"6.78 inches, 1080 x 2436 px, 120 Hz Display with Punch Hole",108 MP + 2 MP + 2 MP Triple Rear & 32 MP Front Camera,"Memory Card Supported, upto 1 TB"
Vivo V30 Lite,4,"₹25,990","Single Sim, 5G, VoLTE, Wi-Fi","Snapdragon 695, Octa Core, 2.2 GHz Processor","12 GB RAM, 256 GB inbuilt",4800 mAh Battery with 44W Fast Charging,"6.67 inches, 1080 x 2400 px, 120 Hz Display with Punch Hole",64 MP + 8 MP + 2 MP Triple Rear & 50 MP Front Camera,Memory Card Supported
Xiaomi Redmi Note 13 4G,4.75,"₹15,990","Dual Sim, 4G, VoLTE, NFC, Wi-Fi, IR Blaster","Snapdragon 685, Octa Core, 2.8 GHz Processor","6 GB RAM, 128 GB inbuilt",5000 mAh Battery with 33W Fast Charging,"6.67 inches, 1080 x 2400 px, 120 Hz Display with Punch Hole",108 MP + 8 MP + 2 MP Triple Rear & 16 MP Front Camera,"Memory Card (Hybrid), upto 1 TB"
Infinix Smart 9,4.15,"₹6,999","Dual Sim, 4G, VoLTE, Wi-Fi, IR Blaster","Helio G81, Octa Core, 2 GHz Processor","3 GB RAM, 64 GB inbuilt",5000 mAh Battery with 18W Fast Charging,"6.7 inches, 720 x 1600 px, 120 Hz Display with Punch Hole",13 MP Dual Rear & 8 MP Front Camera,Memory Card Supported
OnePlus Ace 3V,4.6,"₹23,999","Dual Sim, 5G, VoLTE, NFC, Wi-Fi, IR Blaster","Snapdragon 7+ Gen3, Octa Core, 2.8 GHz Processor","12 GB RAM, 256 GB inbuilt",5500 mAh Battery with 100W Fast Charging,"6.74 inches, 1240 x 2772 px, 120 Hz Display with Punch Hole",50 MP + 8 MP Dual Rear & 16 MP Front Camera,Android v14
Nubia Red Magic 9 Pro Plus 5G,4.2,"₹64,990","Dual Sim, 5G, VoLTE, NFC, Wi-Fi","Snapdragon 8 Gen3, Octa Core, 3.3 GHz Processor","16 GB RAM, 256 GB inbuilt",5500 mAh Battery with 165W Fast Charging,"6.8 inches, 1116 x 2480 px, 120 Hz Display",50 MP + 50 MP + 2 MP Triple Rear & 16 MP Front Camera,Android v14
Motorola Moto G55,4.45,"₹17,990","Dual Sim, 5G, VoLTE, NFC, Wi-Fi","Dimensity 7025, Octa Core, 2.5 GHz Processor","4 GB RAM, 128 GB inbuilt",5000 mAh Battery with 30W Fast Charging,"6.49 inches, 1080 x 2400 px, 120 Hz Display with Punch Hole",50 MP + 8 MP Dual Rear & 16 MP Front Camera,"Memory Card (Hybrid), upto 1 TB"
Motorola Moto G15,4.55,"₹12,990","Dual Sim, 4G, VoLTE, NFC, Wi-Fi","Helio G81 Ultra, Octa Core, 2 GHz Processor","8 GB RAM, 128 GB inbuilt",5200 mAh Battery with 18W Fast Charging,"6.72 inches, 1080 x 2400 px Display with Punch Hole",50 MP + 5 MP Dual Rear & 8 MP Front Camera,"Memory Card Supported, upto 1 TB"
Honor 90 Lite,4.35,"₹24,990","Dual Sim, 5G, VoLTE, Wi-Fi","Dimensity 6020, Octa Core, 2.2 GHz Processor","8 GB RAM, 256 GB inbuilt",4500 mAh Battery with 35W Fast Charging,"6.7 inches, 1080 x 2388 px, 90 Hz Display with Punch Hole",100 MP + 5 MP + 2 MP Triple Rear & 16 MP Front Camera,Android v13
Infinix Note 30 Pro,4.45,"₹19,990","Dual Sim, 4G, VoLTE, NFC, Wi-Fi","Helio G99, Octa Core, 2.2 GHz Processor","8 GB RAM, 256 GB inbuilt",5000 mAh Battery with 68W Fast Charging,"6.67 inches, 1080 x 2400 px, 120 Hz Display with Punch Hole",108 MP + 2 MP + 2 MP Triple Rear & 32 MP Front Camera,"Memory Card Supported, upto 1 TB"
Realme GT Neo 6,4.4,"₹24,999","Dual Sim, 5G, VoLTE, Vo5G, NFC, Wi-Fi, IR Blaster","Snapdragon 8s Gen3, Octa Core, 3 GHz Processor","12 GB RAM, 256 GB inbuilt",5500 mAh Battery with 120W Fast Charging,"6.78 inches, 1264 x 2780 px, 120 Hz Display with Punch Hole",50 MP + 8 MP Dual Rear & 32 MP Front Camera,Android v14
Infinix Hot 40,4.25,"₹8,990","Dual Sim, 4G, VoLTE, NFC, Wi-Fi","Helio G88, Octa Core, 2 GHz Processor","8 GB RAM, 128 GB inbuilt",5000 mAh Battery with 33W Fast Charging,"6.78 inches, 1080 x 2460 px, 90 Hz Display with Punch Hole",50 MP + 2 MP + 0.08 MP Triple Rear & 32 MP Front Camera,"Memory Card Supported, upto 1 TB"
Infinix Hot 30,4.55,"₹10,999","Dual Sim, 4G, VoLTE, NFC, Wi-Fi","Helio G88, Octa Core, 2 GHz Processor","8 GB RAM, 256 GB inbuilt",5000 mAh Battery with 33W Fast Charging,"6.78 inches, 1080 x 2460 px, 90 Hz Display with Water Drop Notch",50 MP Dual Rear & 8 MP Front Camera,"Memory Card Supported, upto 1 TB"
iQOO Z7 5G (China),4.55,"₹18,990","Dual Sim, 5G, VoLTE, NFC, Wi-Fi","Snapdragon 782G, Octa Core, 2.7 GHz Processor","8 GB RAM, 128 GB inbuilt",5000 mAh Battery with 120W Fast Charging,"6.64 inches, 1080 x 2388 px, 120 Hz Display with Punch Hole",64 MP + 2 MP Dual Rear & 16 MP Front Camera,Memory Card Not Supported
Motorola Moto Edge 40 Lite 5G,4,"₹19,999","Dual Sim, 5G, VoLTE, Wi-Fi","Snapdragon 695, Octa Core, 2.2 GHz Processor","8 GB RAM, 128 GB inbuilt",4020 mAh Battery with 33W Fast Charging,"6.28 inches, 1080 x 2408 px, 120 Hz Display with Punch Hole",64 MP + 13 MP Dual Rear & 32 MP Front Camera,"Memory Card (Hybrid), upto 1 TB"
Samsung Galaxy M54 5G,4,"₹37,999","Dual Sim, 5G, VoLTE, NFC, Wi-Fi","Exynos 1380, Octa Core, 2.4 GHz Processor","8 GB RAM, 128 GB inbuilt",6000 mAh Battery with 25W Fast Charging,"6.7 inches, 1080 x 2400 px, 120 Hz Display with Punch Hole",108 MP + 8 MP + 2 MP Triple Rear & 32 MP Front Camera,"Memory Card (Hybrid), upto 1 TB"
Samsung Galaxy Note 30 Ultra 5G,4.3,"₹1,04,999","Dual Sim, 5G, VoLTE, NFC, Wi-Fi","Snapdragon 8+ Gen1, Octa Core, 3.2 GHz Processor","12 GB RAM, 256 GB inbuilt",4500 mAh Battery with 67W Fast Charging,"6.71 inches, 1440 x 3214 px, 120 Hz Display with Punch Hole",200 MP + 12 MP + 12 MP Triple Rear & 10 MP Front Camera,"Memory Card (Hybrid), upto 1 TB"
Sony Xperia Pro-I,4.3,"₹1,34,999","Dual Sim, 5G, VoLTE, NFC, Wi-Fi","Snapdragon 888, Octa Core, 2.84 GHz Processor","12 GB RAM, 512 GB inbuilt",4500 mAh Battery with 30W Fast Charging,"6.5 inches, 1644 x 3840 px, 120 Hz Display",12 MP + 12 MP + 12 MP Triple Rear & 8 MP Front Camera,"Memory Card (Hybrid), upto 1 TB"
Xiaomi 12 5G,4.35,"₹42,990","Dual Sim, 5G, VoLTE, NFC, Wi-Fi, IR Blaster","Snapdragon 8 Gen1, Octa Core, 3 GHz Processor","8 GB RAM, 128 GB inbuilt",4500 mAh Battery with 67W Fast Charging,"6.28 inches, 1080 x 2400 px, 120 Hz Display with Punch Hole",50 MP + 13 MP + 5 MP Triple Rear & 32 MP Front Camera,Android v12
Nokia X50 5G,4.45,"₹34,999","Single Sim, 5G, VoLTE, Wi-Fi",Snapdragon 775,"6 GB RAM, 64 GB inbuilt",6000 mAh Battery with 33W Fast Charging,"6.81 inches, 1080 x 2400 px Display with Punch Hole",108 MP Quad Rear & 32 MP Front Camera,Memory Card Supported
Sony Xperia 5 III,4.15,"₹84,999","Dual Sim, 5G, VoLTE, NFC, Wi-Fi","Snapdragon 888, Octa Core, 2.84 GHz Processor","8 GB RAM, 128 GB inbuilt",4500 mAh Battery with 30W Fast Charging,"6.1 inches, 1080 x 2520 px, 120 Hz Display",12 MP + 12 MP + 12 MP Triple Rear & 8 MP Front Camera,Memory Card (Hybrid)
Oppo Reno 5 Z 5G,4,"₹29,990","Dual Sim, 5G, VoLTE, Wi-Fi","Dimensity 800U, Octa Core, 2.4 GHz Processor","8 GB RAM, 128 GB inbuilt",4310 mAh Battery with 30W Fast Charging,"6.43 inches, 1080 x 2400 px, 120 Hz Display with Punch Hole",48 MP Quad Rear & 16 MP Front Camera,"Memory Card Supported, upto 256 GB"
Samsung Galaxy S21 Ultra 5G (12GB RAM + 128GB),4.4,"₹1,01,999","Dual Sim, 5G, VoLTE, NFC, Wi-Fi","Exynos  2100, Octa Core, 2.9 GHz Processor","12 GB RAM, 128 GB inbuilt",5000 mAh Battery with 25W Fast Charging,"6.8 inches, 1440 x 3200 px, 120 Hz Display with Punch Hole",108 MP Quad Rear & 40 MP Front Camera,Android v10
Samsung Galaxy A52 5G,4.1,"₹34,990","Dual Sim, 5G, VoLTE, NFC, Wi-Fi","Snapdragon 750G, Octa Core, 2.2 GHz Processor","6 GB RAM, 128 GB inbuilt",4500 mAh Battery with 25W Fast Charging,"6.5 inches, 1080 x 2400 px, 120 Hz Display with Punch Hole",64 MP Quad Rear & 32 MP Front Camera,Memory Card Supported
Samsung Galaxy Note 10 Plus 5G,4.15,"₹92,999","Dual Sim, 5G, VoLTE, NFC, Wi-Fi, IR Blaster","Exynos 9825, Octa Core, 2.73 GHz Processor","12 GB RAM, 256 GB inbuilt",4300 mAh Battery with Fast Charging,"6.8 inches, 1440 x 3040 px Display with Punch Hole",12 MP Quad Rear & 10 MP Front Camera,"Memory Card (Hybrid), upto 512 GB"
BLU Vivo 5 Mini,4.2,"₹3,799","Dual Sim, 3G, Wi-Fi","Helio MT6580, Quad Core, 1.3 GHz Processor","512 MB RAM, 8 GB inbuilt",1500 mAh Battery,"4 inches, 480 x 800 px Display",5 MP Rear & 3.15 MP Front Camera,"Memory Card Supported, upto 64 GB"
Poco C81 Pro,4.1,"₹11,999","Dual Sim, 4G, NFC, Wi-Fi","Unisoc T7250, Octa Core, 1.8 GHz Processor","4 GB RAM, 64 GB inbuilt",6000 mAh Battery with 15W Fast Charging,"6.9 inches, 720 x 1600 px Display with Water Drop Notch",13 MP Rear & 8 MP Front Camera,Memory Card Supported
Realme C100 4G,4.1,"₹19,990","Dual Sim, 4G, NFC, Wi-Fi","Helio G92 Max, Octa Core, 2.4 GHz Processor","8 GB RAM, 256 GB inbuilt",8000 mAh Battery with 15W Fast Charging,"6.8 inches, 720 x 1570 px Display with Punch Hole",50 MP Rear & 8 MP Front Camera,Memory Card Supported
Honor X80i,4.6,"₹24,990","Dual Sim, 5G, VoLTE, NFC, Wi-Fi, IR Blaster","Dimensity 6500  Elite, Octa Core, 2.6 GHz Processor","8 GB RAM, 128 GB inbuilt",7000 mAh Battery with 45W Fast Charging,"6.6 inches, 1200 x 2600 px, 120 Hz Display with Punch Hole",50 MP Rear & 8 MP Front Camera,Android v16
ZTE Blade V80 Max,4.35,"₹10,990","Dual Sim, 4G, NFC, Wi-Fi","Unisoc T7250, Octa Core, 1.8 GHz Processor","8 GB RAM, 128 GB inbuilt",6000 mAh Battery with 22.5W Fast Charging,"6.9 inches, 720 x 1640 px, 120 Hz Display with Water Drop Notch",50 MP Dual Rear & 16 MP Front Camera,Memory Card Supported
Motorola Moto G17,4.25,"₹17,990","Dual Sim, 4G, VoLTE, NFC, Wi-Fi","Helio G81 Extreme, Octa Core, 2 GHz Processor","4 GB RAM, 128 GB inbuilt",5200 mAh Battery with 18W Fast Charging,"6.72 inches, 1080 x 2400 px Display with Punch Hole",50 MP + 5 MP Dual Rear & 32 MP Front Camera,"Memory Card Supported, upto 1 TB"
Oppo A6t Pro,4.55,"₹12,999","Dual Sim, 4G, NFC, Wi-Fi","Snapdragon 685, Octa Core, 2.8 GHz Processor","8 GB RAM, 128 GB inbuilt",7000 mAh Battery with 45W Fast Charging,"6.75 inches, 720 x 1570 px, 120 Hz Display with Punch Hole",50 MP Dual Rear & 8 MP Front Camera,Memory Card Supported
Motorola Moto G Power (2026),4.25,"₹26,999","Dual Sim, 5G, VoLTE, NFC, eSIM, Wi-Fi","Dimensity 6300, Octa Core, 2.4 GHz Processor","8 GB RAM, 128 GB inbuilt",5200 mAh Battery with 30W Fast Charging,"6.8 inches, 1080 x 2388 px, 120 Hz Display with Punch Hole",50 MP + 8 MP Dual Rear & 32 MP Front Camera,"Memory Card Supported, upto 1 TB"
ZTE Blade V80 Pro,4.25,"₹15,990","Dual Sim, 4G, NFC, Wi-Fi","Unisoc T7280, Octa Core, 2.2 GHz Processor","8 GB RAM, 256 GB inbuilt",5000 mAh Battery with 22.5W Fast Charging,"6.75 inches, 900 x 1940 px Display",108 MP Rear & 16 MP Front Camera,Memory Card Supported
itel TS Pro,4.1,"₹5,199","Dual Sim, 4G, Wi-Fi","Unisoc T603, Octa Core Processor","4 GB RAM, 64 GB inbuilt",4000 mAh Battery with 10W Fast Charging,"6.52 inches, 720 x 1600 px Display",8 MP Rear & 5 MP Front Camera,Memory Card Supported
Motorola Moto G Play (2026),4.75,"₹14,990","Dual Sim, 5G, VoLTE, NFC, eSIM, Wi-Fi","Dimensity 6300, Octa Core, 2.4 GHz Processor","4 GB RAM, 64 GB inbuilt",5200 mAh Battery with 18W Fast Charging,"6.7 inches, 720 x 1604 px, 120 Hz Display with Punch Hole",32 MP Rear & 8 MP Front Camera,Memory Card Supported
Oppo A6 GT,4.35,"₹20,999","Dual Sim, 5G, NFC, Wi-Fi","Snapdragon 7 Gen3, Octa Core, 2.63 GHz Processor","8 GB RAM, 256 GB inbuilt",7000 mAh Battery with 80W Fast Charging,"6.8 inches, 1280 x 2800 px, 120 Hz Display with Punch Hole",50 MP + 2 MP Dual Rear & 32 MP Front Camera,Android v15
Xiaomi Redmi 15R 5G,4.2,"₹13,990","Dual Sim, 5G, VoLTE, Wi-Fi","Dimensity 6300, Octa Core, 2.4 GHz Processor","4 GB RAM, 128 GB inbuilt",6000 mAh Battery with 18W Fast Charging,"6.9 inches, 720 x 1640 px, 120 Hz Display with Water Drop Notch",13 MP Dual Rear & 5 MP Front Camera,"Memory Card Supported, upto 1 TB"
Tecno Spark 40C 4G,4.2,"₹8,999","Dual Sim, 4G, VoLTE, Wi-Fi, IR Blaster","Helio G81, Octa Core, 2 GHz Processor","4 GB RAM, 128 GB inbuilt",6000 mAh Battery with 18W Fast Charging,"6.67 inches, 720 x 1600 px, 120 Hz Display with Punch Hole",13 MP Rear & 8 MP Front Camera,Android v15
Xiaomi Poco F7 Pro 5G (12GB RAM + 512G),4.05,"₹49,990","Dual Sim, 5G, VoLTE, NFC, Wi-Fi, IR Blaster","Snapdragon 8 Gen3, Octa Core, 3.3 GHz Processor","12 GB RAM, 512 GB inbuilt",6000 mAh Battery with 90W Fast Charging,"6.67 inches, 1440 x 3200 px, 120 Hz Display with Punch Hole",50 MP + 8 MP Dual Rear & 20 MP Front Camera,Android v15
Xiaomi Redmi K Pad,4.35,"₹32,990","No Sim Supported, Wi-Fi, IR Blaster","Dimensity 9400 Plus, Octa Core, 3.63 GHz Processor","8 GB RAM, 256 GB inbuilt",7500 mAh Battery with 67W Fast Charging,"8.8 inches, 1880 x 3008 px, 165 Hz Display",13 MP Rear & 8 MP Front Camera,Android v15
Nubia Red Magic 10s Pro 5G,4,"₹59,999","Dual Sim, 5G, VoLTE, NFC, Wi-Fi, IR Blaster","Snapdragon 8 Elite, Octa Core, 4.32 GHz Processor","12 GB RAM, 256 GB inbuilt",7050 mAh Battery with 80W Fast Charging,"6.85 inches, 1216 x 2688 px, 144 Hz Display",50 MP + 50 MP + 2 MP Triple Rear & 16 MP Front Camera,Memory Card Not Supported
Nubia Red Magic 10s Pro Plus 5G,4.35,"₹70,999","Dual Sim, 5G, VoLTE, NFC, Wi-Fi, IR Blaster","Snapdragon 8 Elite, Octa Core, 4.32 GHz Processor","16 GB RAM, 512 GB inbuilt",7500 mAh Battery with 120W Fast Charging,"6.85 inches, 1216 x 2688 px, 144 Hz Display",50 MP + 50 MP + 2 MP Triple Rear & 16 MP Front Camera,Android v15
itel City 100,4.55,"₹7,599","Dual Sim, 4G, VoLTE, Wi-Fi, IR Blaster","Unisoc T7250, Octa Core, 1.8 GHz Processor","4 GB RAM, 128 GB inbuilt",5200 mAh Battery with 18W Fast Charging,"6.75 inches, 720 x 1600 px Display",13 MP Rear & 8 MP Front Camera,Memory Card Supported
Huawei Nova Y63,4.25,"₹14,990","Dual Sim, 4G, NFC, Wi-Fi","Snapdragon 680 4G, Octa Core, 2.4 GHz Processor","4 GB RAM, 128 GB inbuilt",6000 mAh Battery with Fast Charging,"6.75 inches, 720 x 1600 px, 90 Hz Display with Punch Hole",50 MP + 2 MP Dual Rear & 8 MP Front Camera,Android v12
Honor X60 GT,4.35,"₹20,990","Dual Sim, 5G, VoLTE, Vo5G, NFC, Wi-Fi, IR Blaster","Snapdragon 8+ Gen1, Octa Core, 3.2 GHz Processor","12 GB RAM, 256 GB inbuilt",6300 mAh Battery with 80W Fast Charging,"6.7 inches, 1200 x 2664 px, 120 Hz Display with Punch Hole",50 MP + 2 MP Dual Rear & 16 MP Front Camera,Android v15
Honor Power,4.5,"₹23,990","Dual Sim, 5G, VoLTE, NFC, Wi-Fi, IR Blaster","Snapdragon 7 Gen3, Octa Core, 2.63 GHz Processor","8 GB RAM, 256 GB inbuilt",8000 mAh Battery with 66W Fast Charging,"6.78 inches, 1224 x 2700 px, 120 Hz Display with Punch Hole",50 MP + 5 MP Dual Rear & 16 MP Front Camera,Android v15
HTC Wildfire E7 Plus,4.6,"₹8,990","Dual Sim, 4G, VoLTE, Wi-Fi","Helio G99, Quad Core, 2.2 GHz Processor","8 GB RAM, 256 GB inbuilt",5000 mAh Battery with 18W Fast Charging,"6.78 inches, 1080 x 2460 px Display",64 MP + 2 MP Dual Rear & 16 MP Front Camera,Memory Card Supported
Vivo Y300 Pro Plus,4.45,"₹21,990","Dual Sim, 5G, VoLTE, NFC, Wi-Fi, IR Blaster","Snapdragon 7s Gen 3, Octa Core Processor","8 GB RAM, 128 GB inbuilt",7300 mAh Battery with 90W Fast Charging,"6.77 inches, 1080 x 2392 px, 120 Hz Display with Punch Hole",50 MP + 2 MP Dual Rear & 32 MP Front Camera,Android v15
Huawei Pura P80 Pro,4.1,"₹76,990","Dual Sim, 5G, VoLTE, NFC, Wi-Fi, IR Blaster",Octa Core Processor,"12 GB RAM, 256 GB inbuilt",5700 mAh Battery with 100W Fast Charging,"6.8 inches, 1276 x 2848 px, 120 Hz Display with Punch Hole",50 MP + 48 MP + 40 MP Triple Rear & 13 MP Front Camera,HarmonyOS v5.1
OPPO Find X8S,4.5,"₹49,990","Dual Sim, 5G, VoLTE, NFC, Wi-Fi, IR Blaster","Dimensity 9400 Plus, Octa Core, 3.63 GHz Processor","12 GB RAM, 256 GB inbuilt",5700 mAh Battery with 80W Fast Charging,"6.32 inches, 1216 x 2640 px, 120 Hz Display with Punch Hole",50 MP + 50 MP + 50 MP Triple Rear & 32 MP Front Camera,Android v15
Xiaomi Redmi Note 14S,4.55,"₹21,990","Dual Sim, 4G, VoLTE, NFC, Wi-Fi, IR Blaster","Helio G99 Ultra, Octa Core, 2.2 GHz Processor","8 GB RAM, 256 GB inbuilt",5000 mAh Battery with 67W Fast Charging,"6.67 inches, 1080 x 2400 px, 120 Hz Display with Punch Hole",200 MP + 8 MP + 2 MP Triple Rear & 16 MP Front Camera,Memory Card Supported
Honor GT Pro,4.5,"₹41,999","Dual Sim, 5G, VoLTE, NFC, Wi-Fi, IR Blaster","Snapdragon 8 Elite, Octa Core, 4.32 GHz Processor","12 GB RAM, 256 GB inbuilt",7200 mAh Battery with 90W Fast Charging,"6.78 inches, 1224 x 2800 px, 144 Hz Display with Punch Hole",50 MP + 50 MP + 50 MP Triple Rear & 50 MP Front Camera,Android v15
Realme GT 7 Pro Racing Edition,4.05,"₹36,999","Dual Sim, 5G, VoLTE, NFC, Wi-Fi, IR Blaster","Snapdragon 8 Elite, Octa Core, 4.32 GHz Processor","12 GB RAM, 256 GB inbuilt",6500 mAh Battery with 120W Fast Charging,"6.78 inches, 1264 x 2780 px, 120 Hz Display with Punch Hole",50 MP + 8 MP Dual Rear & 16 MP Front Camera,Memory Card Not Supported
Tecno Spark Go 1S,4.6,"₹7,999","Dual Sim, 4G, Wi-Fi, IR Blaster","Helio G50, Octa Core, 2.2 GHz Processor","3 GB RAM, 64 GB inbuilt",5000 mAh Battery with 15W Fast Charging,"6.67 inches, 720 x 1600 px, 90 Hz Display with Punch Hole",13 MP Rear & 8 MP Front Camera,Memory Card Supported
Samsung Galaxy S25 Ultra (16GB RAM + 1TB),4.1,"₹1,75,999","Dual Sim, 5G, VoLTE, Vo5G, NFC, eSIM, Wi-Fi","Snapdragon 8Elite, Octa Core, 4.47 GHz Processor","16 GB RAM, 1 TB inbuilt",5000 mAh Battery with 45W Fast Charging,"6.9 inches, 1440 x 3120 px, 120 Hz Display with Punch Hole",200 MP Quad Rear & 12 MP Front Camera,Memory Card Not Supported
Honor X8c,4.75,"₹17,999","Dual Sim, 4G, Wi-Fi","Snapdragon 685, Octa Core, 2.8 GHz Processor","6 GB RAM, 128 GB inbuilt",5000 mAh Battery with Fast Charging,"6.7 inches, 1080 x 2412 px Display",108 MP + 5 MP Dual Rear & 50 MP Front Camera,Android v15
Tecno Camon 40 Premier,4.65,"₹39,990","Dual Sim, 5G, VoLTE, NFC, Wi-Fi, IR Blaster","Dimensity 8350, Octa Core, 3.35 GHz Processor","12 GB RAM, 256 GB inbuilt",5100 mAh Battery with 70W Fast Charging,"6.67 inches, 1260 x 2800 px, 120 Hz Display with Punch Hole",50 MP + 50 MP + 50 MP Triple Rear & 50 MP Front Camera,Memory Card Not Supported
Realme Neo 7 The Bad Guys Limited Edition,4.4,"₹29,990","Dual Sim, 5G, VoLTE, Vo5G, NFC, Wi-Fi, IR Blaster","Dimensity 9300 Plus, Octa Core, 3.25 GHz Processor","12 GB RAM, 256 GB inbuilt",7000 mAh Battery with 80W Fast Charging,"6.78 inches, 1264 x 2780 px, 120 Hz Display with Punch Hole",50 MP + 8 MP Dual Rear & 16 MP Front Camera,Android v15
Honor Magic 7 RSR Porsche Design,4.25,"₹92,990","Dual Sim, 5G, VoLTE, Vo5G, NFC, Wi-Fi, IR Blaster","Snapdragon 8 Elite, Octa Core, 4.32 GHz Processor","16 GB RAM, 512 GB inbuilt",5850 mAh Battery with 100W Fast Charging,"6.8 inches, 1280 x 2800 px, 120 Hz Display with Punch Hole",180 MP + 50 MP + 50 MP Triple Rear & 50 MP Front Camera,Android v15
OPPO Reno 13F,4.2,"₹32,990","Dual Sim, 5G, VoLTE, NFC, Wi-Fi, IR Blaster","Snapdragon 6 Gen1, Octa Core, 2.2 GHz Processor","8 GB RAM, 128 GB inbuilt",5800 mAh Battery with 45W Fast Charging,"6.67 inches, 1080 x 2400 px, 120 Hz Display with Punch Hole",50 MP + 8 MP + 2 MP Triple Rear & 32 MP Front Camera,Memory Card (Hybrid)
Honor Magic 8,4.3,"₹54,999","Dual Sim, 5G, VoLTE, Vo5G, NFC, Wi-Fi, IR Blaster","Snapdragon 8 Elite Gen 5, Octa Core, 4.6 GHz Processor","12 GB RAM, 256 GB inbuilt",7000 mAh Battery with 90W Fast Charging,"6.58 inches, 1256 x 2760 px, 120 Hz Display with Punch Hole",64 MP + 50 MP + 50 MP Triple Rear & 50 MP Front Camera,Android v16
Motorola Moto E15,4.05,"₹10,990","Dual Sim, 4G, VoLTE, Wi-Fi","Helio G81 Ultra, Octa Core, 2 GHz Processor","2 GB RAM, 64 GB inbuilt",5200 mAh Battery with 18W Fast Charging,"6.67 inches, 720 x 1604 px, 90 Hz Display with Punch Hole",32 MP Rear & 8 MP Front Camera,"Memory Card Supported, upto 1 TB"
Honor GT,4.7,"₹25,990","Dual Sim, 5G, VoLTE, NFC, Wi-Fi, IR Blaster","Snapdragon 8 Gen3, Octa Core, 3.3 GHz Processor","12 GB RAM, 256 GB inbuilt",5300 mAh Battery with 100W Fast Charging,"6.7 inches, 1200 x 2664 px, 144 Hz Display with Punch Hole",50 MP + 12 MP Dual Rear & 16 MP Front Camera,Android v15
Philips S6310 Essence 20,4.35,"₹7,999","Dual Sim, 4G, Wi-Fi","Unisoc T606, Octa Core, 1.6 GHz Processor","4 GB RAM, 128 GB inbuilt",5000 mAh Battery with 10W Fast Charging,"6.56 inches, 720 x 1612 px, 90 Hz Display with Punch Hole",50 MP + 2 MP Dual Rear & 8 MP Front Camera,Memory Card Supported
Nubia Flip 2 5G,4.75,"₹59,990","Dual Sim, 5G, VoLTE, NFC, eSIM, Wi-Fi","Dimensity 7300X, Octa Core, 2.5 GHz Processor","6 GB RAM, 128 GB inbuilt",4325 mAh Battery with 33W Fast Charging,"6.9 inches, 1188 x 2790 px, 120 Hz Display with Punch Hole","Foldable Display, Dual Display",50 MP + 2 MP Dual Rear & 32 MP Front Camera
Honor 300 Ultra,4.4,"₹48,999","Dual Sim, 5G, VoLTE, NFC, Wi-Fi, IR Blaster","Snapdragon 8 Gen3, Octa Core, 3.3 GHz Processor","12 GB RAM, 512 GB inbuilt",5300 mAh Battery with 100W Fast Charging,"6.78 inches, 1224 x 2700 px, 120 Hz Display with Punch Hole",50 MP + 50 MP + 12 MP Triple Rear & 50 MP + 2 MP Dual Front Camera,Android v15
Poco F7 Ultra,4.6,"₹54,990","Dual Sim, 5G, VoLTE, NFC, Wi-Fi, IR Blaster","Snapdragon 8 Elite, Octa Core, 4.32 GHz Processor","12 GB RAM, 256 GB inbuilt",5300 mAh Battery with 120W Fast Charging,"6.67 inches, 1440 x 3200 px, 120 Hz Display with Punch Hole",50 MP + 50 MP + 32 MP Triple Rear & 32 MP Front Camera,Memory Card Not Supported
Vivo X200S,4.15,"₹54,990","Dual Sim, 5G, VoLTE, NFC, Wi-Fi, IR Blaster","Dimensity 9400 Plus, Octa Core, 3.63 GHz Processor","12 GB RAM, 256 GB inbuilt",6200 mAh Battery with 90W Fast Charging,"6.67 inches, 1260 x 2800 px, 120 Hz Display with Punch Hole",50 MP + 50 MP + 50 MP Triple Rear & 32 MP Front Camera,Memory Card Not Supported
Honor X5b Plus,4.1,"₹8,990","Dual Sim, 4G, VoLTE, Wi-Fi, IR Blaster","Helio G36, Octa Core, 2.2 GHz Processor","4 GB RAM, 128 GB inbuilt",5200 mAh Battery with 10W Fast Charging,"6.56 inches, 720 x 1612 px, 90 Hz Display with Water Drop Notch",50 MP Dual Rear & 5 MP Front Camera,Memory Card Supported
Tecno Camon 30S,4.1,"₹17,990","Dual Sim, 4G, NFC, Wi-Fi, IR Blaster","Helio G100, Octa Core, 2.2 GHz Processor","6 GB RAM, 128 GB inbuilt",5000 mAh Battery with 33W Fast Charging,"6.78 inches, 1080 x 2436 px, 120 Hz Display",50 MP + 2 MP Triple Rear & 13 MP Front Camera,Memory Card Supported
Honor X60 Pro,4,"₹17,990","Dual Sim, 5G, VoLTE, Wi-Fi, IR Blaster","Snapdragon 6 Gen1, Octa Core, 2.2 GHz Processor","8 GB RAM, 128 GB inbuilt",6600 mAh Battery with 66W Fast Charging,"6.78 inches, 1224 x 2700 px, 120 Hz Display with Punch Hole",108 MP Rear & 8 MP Front Camera,Android v14
Huawei Nova 13,4.35,"₹30,990","Dual Sim, 5G, VoLTE, NFC, Wi-Fi, IR Blaster",Octa Core Processor,256 GB inbuilt,5000 mAh Battery with 100W Fast Charging,"6.7 inches, 1084 x 2412 px, 120 Hz Display with Punch Hole",50 MP + 8 MP Dual Rear & 60 MP Front Camera,HarmonyOS v4.2
Oppo K12 Plus,4.5,"₹22,990","Dual Sim, 5G, VoLTE, NFC, Wi-Fi, IR Blaster","Snapdragon 7 Gen3, Octa Core, 2.63 GHz Processor","8 GB RAM, 256 GB inbuilt",6400 mAh Battery with 80W Fast Charging,"6.7 inches, 1080 x 2412 px, 120 Hz Display with Punch Hole",50 MP + 8 MP Dual Rear & 16 MP Front Camera,Memory Card (Hybrid)
Motorola Moto G Stylus 5G 2025,4.2,"₹34,990","Dual Sim, 5G, VoLTE, NFC, eSIM, Wi-Fi","Snapdragon 6 Gen3, Octa Core, 2.4 GHz Processor","8 GB RAM, 256 GB inbuilt",5000 mAh Battery with 68W Fast Charging,"6.7 inches, 1220 x 2712 px, 120 Hz Display with Punch Hole",50 MP + 13 MP Dual Rear & 32 MP Front Camera,Memory Card Supported
Vivo V40 Lite 4G,4.1,"₹18,990","Dual Sim, 4G, VoLTE, NFC, Wi-Fi","Snapdragon 685, Octa Core, 2.8 GHz Processor","8 GB RAM, 128 GB inbuilt",5000 mAh Battery with 80W Fast Charging,"6.67 inches, 1080 x 2400 px Display with Punch Hole",50 MP + 2 MP Dual Rear & 32 MP Front Camera,Memory Card (Hybrid)
HMD Aura 2,4,"₹8,990","Dual Sim, 4G, VoLTE, Wi-Fi","Unisoc SC9863A, Octa Core, 1.6 GHz Processor","4 GB RAM, 256 GB inbuilt",5000 mAh Battery with 10W Fast Charging,"6.52 inches, 576 x 1280 px Display with Water Drop Notch",13 MP Rear & 5 MP Front Camera,Memory Card (Hybrid)
OnePlus Ace 2 Pro (24GB RAM + 1TB),4,"₹49,990","Dual Sim, 5G, VoLTE, NFC, Wi-Fi, IR Blaster","Snapdragon 8 Gen2, Octa Core, 3.2 GHz Processor","24 GB RAM, 1 TB inbuilt",5000 mAh Battery with 150W Fast Charging,"6.74 inches, 1240 x 2772 px, 120 Hz Display with Punch Hole",50 MP + 8 MP + 2 MP Triple Rear & 16 MP Front Camera,Android v13
Xiaomi Redmi K70 Extreme Edition (24GB RAM +1TB),4.35,"₹47,990","Dual Sim, 5G, VoLTE, NFC, Wi-Fi, IR Blaster","Dimensity 9300 Plus, Octa Core, 3.25 GHz Processor","24 GB RAM, 1 TB inbuilt",5500 mAh Battery with 120W Fast Charging,"6.67 inches, 1220 x 2712 px, 144 Hz Display with Punch Hole",50 MP + 8 MP + 2 MP Triple Rear & 20 MP Front Camera,Android v14
Asus ROG Phone 9,4.15,"₹83,990","Dual Sim, 5G, VoLTE, NFC, eSIM, Wi-Fi","Snapdragon 8 Elite, Octa Core, 4.32 GHz Processor","12 GB RAM, 256 GB inbuilt",5800 mAh Battery with 65W Fast Charging,"6.78 inches, 1080 x 2400 px, 185 Hz Display with Punch Hole",50 MP + 13 MP + 5 MP Triple Rear & 32 MP Front Camera,Android v15
Motorola Razr 50,4.7,"₹64,999","Dual Sim, 5G, VoLTE, NFC, eSIM, Wi-Fi","Dimensity 7300X, Octa Core, 2.5 GHz Processor","8 GB RAM, 256 GB inbuilt",4200 mAh Battery with 33W Fast Charging,"6.9 inches, 1080 x 2640 px, 120 Hz Display with Punch Hole","Foldable Display, Dual Display",50 MP + 13 MP Dual Rear & 32 MP Front Camera
Oppo Find N5,4.5,"₹1,59,990","Dual Sim, 5G, VoLTE, NFC, Wi-Fi, IR Blaster","Snapdragon 8Elite, 7 Cores, 4.32 GHz Processor","12 GB RAM, 256 GB inbuilt",5600 mAh Battery with 80W Fast Charging,"8.12 inches, 2248 x 2480 px, 120 Hz Display with Punch Hole","Foldable Display, Dual Display",50 MP + 50 MP + 8 MP Triple Rear & 8 MP + 8 MP Dual Front Camera
Xiaomi Redmi A3 Pro,4.1,"₹8,990","Dual Sim, 4G, VoLTE, NFC, Wi-Fi","Helio G81 Ultra, Octa Core, 2 GHz Processor","4 GB RAM, 128 GB inbuilt",5160 mAh Battery with 10W Fast Charging,"6.88 inches, 720 x 1640 px, 120 Hz Display with Punch Hole",50 MP Dual Rear Camera,"Memory Card Supported, upto 1 TB"
Vivo Y36c,4.45,"₹10,990","Dual Sim, 5G, VoLTE, Wi-Fi","Dimensity 6300, Octa Core, 2.4 GHz Processor","6 GB RAM, 128 GB inbuilt",5000 mAh Battery with 15W Fast Charging,"6.56 inches, 720 x 1612 px, 90 Hz Display with Water Drop Notch",50 MP + 8 MP Dual Rear & 5 MP Front Camera,"Memory Card Supported, upto 1 TB"
Xiaomi 15S Pro,4,"₹66,990","Dual Sim, 5G, VoLTE, NFC, Wi-Fi, IR Blaster","Xring O1, Deca Core, 3.9 GHz Processor","16 GB RAM, 512 GB inbuilt",6100 mAh Battery with 90W Fast Charging,"6.73 inches, 1440 x 3200 px, 120 Hz Display with Punch Hole",50 MP + 50 MP + 50 MP Triple Rear & 32 MP Front Camera,Memory Card Not Supported
Motorola ThinkPhone 25,4.55,"₹46,990","Dual Sim, 5G, VoLTE, NFC, eSIM, Wi-Fi","Dimensity 7300, Octa Core, 2.5 GHz Processor","8 GB RAM, 256 GB inbuilt",4310 mAh Battery with 68W Fast Charging,"6.36 inches, 1220 x 2670 px, 120 Hz Display with Punch Hole",50 MP + 13 MP + 10 MP Triple Rear & 32 MP Front Camera,Android v14
Motorola Moto G Power 5G 2025,4.7,"₹27,990","Dual Sim, 5G, VoLTE, NFC, eSIM, Wi-Fi","Dimensity 6300, Octa Core, 2.4 GHz Processor","8 GB RAM, 128 GB inbuilt",5000 mAh Battery with 30W Fast Charging,"6.8 inches, 1080 x 2388 px, 120 Hz Display with Punch Hole",50 MP + 8 MP Dual Rear & 16 MP Front Camera,"Memory Card Supported, upto 1 TB"
Xiaomi Civi 5 Pro,4.75,"₹39,999","Dual Sim, 5G, VoLTE, NFC, Wi-Fi, IR Blaster","Snapdragon 8s Gen4, Octa Core, 3.2 GHz Processor","12 GB RAM, 256 GB inbuilt",6000 mAh Battery with 67W Fast Charging,"6.55 inches, 1236 x 2750 px, 120 Hz Display with Punch Hole",50 MP + 50 MP + 12 MP Triple Rear & 50 MP Front Camera,Android v15
Vivo Y37,4.05,"₹13,990","Dual Sim, 5G, VoLTE, Wi-Fi","Dimensity 6300, Octa Core, 2.4 GHz Processor","4 GB RAM, 128 GB inbuilt",5000 mAh Battery with 15W Fast Charging,"6.56 inches, 720 x 1612 px, 90 Hz Display with Water Drop Notch",13 MP + 2 MP Dual Rear & 5 MP Front Camera,"Memory Card Supported, upto 1 TB"
Itel P65,4.05,"₹13,990","Dual Sim, 4G, VoLTE, NFC, Wi-Fi","(12 nm), Octa Core, 1.8 GHz Processor","4 GB RAM, 128 GB inbuilt",5000 mAh Battery with 18W Fast Charging,"6.7 inches, 720 x 1600 px, 120 Hz Display with Punch Hole",50 MP Rear & 8 MP Front Camera,Memory Card Supported
Tecno Camon 20s Pro 5G,4.15,"₹15,299","Dual Sim, 5G, VoLTE, Wi-Fi","Dimensity 8020, Octa Core, 2.6 GHz Processor","8 GB RAM, 128 GB inbuilt",5000 mAh Battery with 33W Fast Charging,"6.67 inches, 1080 x 2400 px, 120 Hz Display",64 MP + 2 MP + 2 MP Triple Rear & 32 MP Front Camera,Memory Card Supported
Samsung Galaxy A16 4G,4.5,"₹17,990","Dual Sim, 4G, VoLTE, NFC, Wi-Fi","Helio G99, Octa Core, 2.2 GHz Processor","4 GB RAM, 128 GB inbuilt",5000 mAh Battery with 25W Fast Charging,"6.7 inches, 1080 x 2340 px, 90 Hz Display with Water Drop Notch",50 MP + 5 MP + 2 MP Triple Rear & 13 MP Front Camera,"Memory Card (Hybrid), upto 1 TB"
Samsung W25,4.7,"₹1,99,990","Dual Sim, 5G, VoLTE, Vo5G, NFC, Wi-Fi","Snapdragon 8 Gen3, Octa Core, 3.3 GHz Processor","16 GB RAM, 512 GB inbuilt",4400 mAh Battery with 25W Fast Charging,"8 inches, 1968 x 2184 px, 120 Hz Display with Punch Hole","Foldable Display, Dual Display",200 MP + 12 MP + 10 MP Triple Rear & 10 MP + 4 MP Dual Front Camera
Huawei Enjoy 70X,4.45,"₹25,990","Dual Sim, 5G, VoLTE, NFC, Wi-Fi","Kirin 8000A, Hexa Core, 2.19 GHz Processor",128 GB inbuilt,6100 mAh Battery with 40W Fast Charging,"6.78 inches, 1224 x 2700 px, 120 Hz Display with Punch Hole",50 MP + 2 MP Dual Rear & 8 MP Front Camera,HarmonyOS v4.2
iQOO Z9 Turbo Plus,4.55,"₹26,990","Dual Sim, 5G, VoLTE, NFC, Wi-Fi, IR Blaster","Dimensity 9300 Plus, Octa Core, 3.25 GHz Processor","12 GB RAM, 256 GB inbuilt",6400 mAh Battery with 80W Fast Charging,"6.78 inches, 1260 x 2800 px, 144 Hz Display with Punch Hole",50 MP + 8 MP Dual Rear & 16 MP Front Camera,Android v14
Realme Narzo N63,4.05,"₹9,999","Dual Sim, 4G, VoLTE, NFC, Wi-Fi","Unisoc T612, Octa Core, 1.8 GHz Processor","4 GB RAM, 64 GB inbuilt",5000 mAh Battery with 45W Fast Charging,"6.75 inches, 720 x 1600 px, 90 Hz Display with Water Drop Notch",50 MP Dual Rear & 8 MP Front Camera,"Memory Card Supported, upto 1 TB"
OPPO Reno 12F 4G,4.6,"₹19,990","Dual Sim, 4G, VoLTE, Wi-Fi, IR Blaster","Snapdragon 685, Octa Core, 2.8 GHz Processor","8 GB RAM, 256 GB inbuilt",5000 mAh Battery with 45W Fast Charging,"6.67 inches, 1080 x 2400 px, 120 Hz Display with Punch Hole",50 MP + 8 MP + 2 MP Triple Rear & 32 MP Front Camera,Memory Card (Hybrid)
Motorola Edge (2024),4.2,"₹46,990","Dual Sim, 5G, VoLTE, Vo5G, NFC, Wi-Fi","Snapdragon 7s Gen2, Octa Core, 2.4 GHz Processor","8 GB RAM, 256 GB inbuilt",5000 mAh Battery with 68W Fast Charging,"6.6 inches, 1080 x 2400 px Display",50 MP + 13 MP Dual Rear & 32 MP Front Camera,Android v14
iQOO Neo 9S Pro Plus 5G,4.65,"₹34,990","Dual Sim, 5G, VoLTE, NFC, Wi-Fi, IR Blaster","Snapdragon 8 Gen3, Octa Core, 3.3 GHz Processor","12 GB RAM, 256 GB inbuilt",5500 mAh Battery with 120W Fast Charging,"6.78 inches, 1260 x 2800 px, 144 Hz Display with Punch Hole",50 MP + 50 MP Dual Rear & 16 MP Front Camera,Android v14
Huawei Pura 80,4.5,"₹69,990","Dual Sim, 5G, VoLTE, NFC, Wi-Fi, IR Blaster","Kirin, Octa Core Processor","12 GB RAM, 256 GB inbuilt",5600 mAh Battery with 66W Fast Charging,"6.6 inches, 1256 x 2760 px, 120 Hz Display with Punch Hole",50 MP + 13 MP + 12 MP Triple Rear & 13 MP Front Camera,HarmonyOS v5.1
Vivo Y28 4G,4.35,"₹13,990","Dual Sim, 4G, VoLTE, Wi-Fi","Helio G85, Octa Core, 2 GHz Processor","4 GB RAM, 128 GB inbuilt",6000 mAh Battery with 44W Fast Charging,"6.68 inches, 720 x 1608 px, 90 Hz Display with Punch Hole",50 MP Rear & 8 MP Front Camera,Memory Card (Hybrid)
Oppo A60 4G,4.55,"₹15,990","Dual Sim, 4G, VoLTE, Wi-Fi","Snapdragon 680, Octa Core, 2.4 GHz Processor","8 GB RAM, 128 GB inbuilt",5000 mAh Battery with 45W Fast Charging,"6.67 inches, 720 x 1604 px, 90 Hz Display with Punch Hole",50 MP + 2 MP Dual Rear & 8 MP Front Camera,"Memory Card Supported, upto 1 TB"
Realme C65 4G,4.45,"₹8,990","Dual Sim, 4G, VoLTE, NFC, Wi-Fi","Helio G96, Octa Core Processor","4 GB RAM, 64 GB inbuilt",5000 mAh Battery with 15W Fast Charging,"6.67 inches, 720 x 1604 px, 120 Hz Display with Punch Hole",50 MP + Depth Sensor Dual Rear & 8 MP Front Camera,Memory Card Supported
Vivo Y100 4G,4.35,"₹19,990","Dual Sim, 4G, VoLTE, Wi-Fi","Snapdragon 685, Octa Core, 2.8 GHz Processor","8 GB RAM, 128 GB inbuilt",4800 mAh Battery with 80W Fast Charging,"6.67 inches, 1080 x 2400 px, 120 Hz Display with Punch Hole",50 MP + 2 MP Dual Rear & 8 MP Front Camera,Memory Card Supported
Xiaomi Civi 4 Pro,4.1,"₹34,990","Dual Sim, 5G, VoLTE, NFC, Wi-Fi, IR Blaster","Snapdragon 8s Gen3, Octa Core, 3 GHz Processor","12 GB RAM, 256 GB inbuilt",4700 mAh Battery with 67W Fast Charging,"6.55 inches, 1236 x 2750 px, 120 Hz Display with Punch Hole",50 MP + 50 MP + 12 MP Triple Rear & 32 MP + 32 MP Dual Front Camera,Android v14
Honor Magic 6 Ultimate,4.3,"₹79,990","Dual Sim, 5G, VoLTE, NFC, Wi-Fi, IR Blaster","Snapdragon 8 Gen3, Octa Core, 3.3 GHz Processor","16 GB RAM, 512 GB inbuilt",5600 mAh Battery with 80W Fast Charging,"6.8 inches, 1280 x 2800 px, 120 Hz Display with Punch Hole",180 MP + 50 MP + 50 MP Triple Rear & 50 MP Dual Front Camera,Android v14
OnePlus Nord N30 SE,4.65,"₹18,999","Dual Sim, 5G, VoLTE, NFC, Wi-Fi","Dimensity 6020, Octa Core, 2.2 GHz Processor","4 GB RAM, 128 GB inbuilt",5000 mAh Battery with 33W Fast Charging,"6.72 inches, 1080 x 2400 px Display with Punch Hole",50 MP + 2 MP Dual Rear & 8 MP Front Camera,Android v13
Xiaomi 14T Pro 5G,4.4,"₹74,990","Dual Sim, 5G, VoLTE, NFC, Wi-Fi, IR Blaster","Dimensity 9300 Plus, Octa Core, 3.25 GHz Processor","12 GB RAM, 256 GB inbuilt",5000 mAh Battery with 120W Fast Charging,"6.67 inches, 1220 x 2712 px, 144 Hz Display with Punch Hole",50 MP + 50 MP + 12 MP Triple Rear & 32 MP Front Camera,Memory Card Not Supported
Motorola Moto X50 Ultra,4.65,"₹46,990","Dual Sim, 5G, VoLTE, NFC, Wi-Fi","Snapdragon 8s Gen3, Octa Core, 3 GHz Processor","12 GB RAM, 512 GB inbuilt",4500 mAh Battery with 125W Fast Charging,"6.7 inches, 1220 x 2712 px, 144 Hz Display with Punch Hole",64 MP + 50 MP + 50 MP Triple Rear & 50 MP Front Camera,Android v14
Huawei Nova 13 Pro,4.45,"₹43,990","Dual Sim, 5G, VoLTE, NFC, Wi-Fi, IR Blaster",Octa Core Processor,256 GB inbuilt,5000 mAh Battery with 100W Fast Charging,"6.76 inches, 1224 x 2776 px, 120 Hz Display with Punch Hole",50 MP + 12 MP + 8 MP Triple Rear & 60 MP + 8 MP Dual Front Camera,HarmonyOS v4.2
Huawei Pocket 2,4.45,"₹92,990","Dual Sim, 4G, VoLTE, NFC, Wi-Fi",Octa Core Processor,"12 GB RAM, 256 GB inbuilt",4520 mAh Battery with 66W Fast Charging,"6.94 inches, 1136 x 2690 px, 120 Hz Display with Punch Hole","Foldable Display, Dual Display",50 MP Quad Rear & 10.7 MP Front Camera
ZTE Libero Flip,4.55,"₹35,990","Single Sim, 5G, VoLTE, NFC, Wi-Fi","Snapdragon 7 Gen1, Octa Core, 2.4 GHz Processor","6 GB RAM, 128 GB inbuilt",4310 mAh Battery with 33W Fast Charging,"6.9 inches, 1188 x 2790 px, 120 Hz Display with Punch Hole",Foldable Display,50 MP + 2 MP Dual Rear & 16 MP Front Camera
Honor X9B,4.1,"₹25,999","Dual Sim, 5G, VoLTE, NFC, Wi-Fi, IR Blaster","Snapdragon 6 Gen1, Octa Core, 2.2 GHz Processor","8 GB RAM, 256 GB inbuilt",5800 mAh Battery with 35W Fast Charging,"6.78 inches, 1220 x 2652 px, 120 Hz Display with Punch Hole",108 MP + 5 MP + 2 MP Triple Rear & 16 MP Front Camera,Android v13
Tecno Spark 20,4.75,"₹11,999","Dual Sim, 4G, VoLTE, Wi-Fi","Helio G85, Octa Core, 2 GHz Processor","8 GB RAM, 128 GB inbuilt",5000 mAh Battery with 18W Fast Charging,"6.56 inches, 720 x 1612 px, 90 Hz Display with Punch Hole",50 MP Dual Rear & 32 MP Front Camera,"Memory Card Supported, upto 1 TB"
Huawei Mate 70 Pro,4.05,"₹74,990","Dual Sim, 5G, VoLTE, Vo5G, NFC, Wi-Fi, IR Blaster",Octa Core Processor,"12 GB RAM, 256 GB inbuilt",5500 mAh Battery with 100W Fast Charging,"6.9 inches, 1316 x 2832 px, 120 Hz Display with Punch Hole",50 MP + 48 MP + 40 MP Triple Rear & 13 MP Front Camera,"Memory Card (Hybrid), upto 256 GB"
Honor Magic V2 RSR Porsche Design,4.75,"₹1,87,990","Dual Sim, 5G, VoLTE, NFC, Wi-Fi, IR Blaster","Snapdragon 8 Gen2, Octa Core, 3.2 GHz Processor","16 GB RAM, 1 TB inbuilt",5000 mAh Battery with 66W Fast Charging,"7.92 inches, 2156 x 2344 px, 120 Hz Display with Punch Hole","Foldable Display, Dual Display",50 MP + 50 MP + 20 MP Triple Rear & 16 MP Front Camera
Nubia Flip 5G,4.25,"₹41,900","Single Sim, 5G, VoLTE, NFC, eSIM, Wi-Fi","Snapdragon 7 Gen1, Octa Core, 2.4 GHz Processor","12 GB RAM, 256 GB inbuilt",4310 mAh Battery with 33W Fast Charging,"6.9 inches, 1188 x 2790 px, 120 Hz Display with Punch Hole","Foldable Display, Dual Display",50 MP + 2 MP Dual Rear & 16 MP Front Camera
Meizu 21 Pro,4.5,"₹57,999","Dual Sim, 5G, VoLTE, Vo5G, NFC, Wi-Fi, IR Blaster","Snapdragon 8 Gen3, Octa Core, 3.3 GHz Processor","12 GB RAM, 256 GB inbuilt",5050 mAh Battery with 80W Fast Charging,"6.79 inches, 1368 x 3192 px, 120 Hz Display with Punch Hole",50 MP + 13 MP + 10 MP Triple Rear & 32 MP Front Camera,Android v14
Sony Xperia 1 VI,4.4,"₹1,36,990","Dual Sim, 5G, VoLTE, NFC, eSIM, Wi-Fi","Snapdragon 8 Gen3, Octa Core, 3.3 GHz Processor","12 GB RAM, 256 GB inbuilt",5000 mAh Battery with 30W Fast Charging,"6.5 inches, 1080 x 2340 px, 120 Hz Display",48 MP + 12 MP + 12 MP Triple Rear & 12 MP Front Camera,Memory Card (Hybrid)
Poco C75,4.45,"₹8,990","Dual Sim, 4G, VoLTE, NFC, Wi-Fi","Helio G81 Ultra, Octa Core, 2 GHz Processor","6 GB RAM, 128 GB inbuilt",5160 mAh Battery with 18W Fast Charging,"6.88 inches, 720 x 1640 px, 120 Hz Display with Water Drop Notch",50 MP + Auxiliary lens Dual Rear & 13 MP Front Camera,"Memory Card Supported, upto 1 TB"
Xiaomi Redmi Note 13 Pro 4G,4.7,"₹23,990","Dual Sim, 4G, VoLTE, NFC, Wi-Fi, IR Blaster","Helio G99 Ultra, Octa Core, 2.2 GHz Processor","8 GB RAM, 256 GB inbuilt",5000 mAh Battery with 67W Fast Charging,"6.67 inches, 1080 x 2400 px, 120 Hz Display with Punch Hole",200 MP + 8 MP + 2 MP Triple Rear & 16 MP Front Camera,Memory Card (Hybrid)
Honor Magic 6 Lite,4.15,"₹34,999","Dual Sim, 5G, VoLTE, NFC, Wi-Fi, IR Blaster","Snapdragon 6 Gen 1, Octa Core, 2.2 GHz Processor","8 GB RAM, 256 GB inbuilt",5300 mAh Battery with 35W Fast Charging,"6.78 inches, 1200 x 2652 px, 120 Hz Display with Punch Hole",108 MP + 5 MP + 2 MP Triple Rear & 16 MP Front Camera,Android v13
Realme C67 4G,4.4,"₹11,990","Dual Sim, 4G, VoLTE, NFC, Wi-Fi","Snapdragon 685, Octa Core, 2.8 GHz Processor","8 GB RAM, 128 GB inbuilt",5000 mAh Battery with 33W Fast Charging,"6.72 inches, 1080 x 2400 px, 90 Hz Display with Punch Hole",108 MP + 2 MP Dual Rear & 8 MP Front Camera,"Memory Card Supported, upto 1 TB"
Honor X7b 5G,4.7,"₹19,990","Dual Sim, 5G, VoLTE, Wi-Fi, IR Blaster","Dimensity 6020, Octa Core, 2.2 GHz Processor","8 GB RAM, 256 GB inbuilt",6000 mAh Battery with 35W Fast Charging,"6.8 inches, 1080 x 2412 px, 90 Hz Display with Punch Hole",108 MP + 2 MP + 2 MP Triple Rear & 8 MP Front Camera,Memory Card Supported
Vivo Y12 2023,4.7,"₹11,990","Dual Sim, 4G, VoLTE, Wi-Fi","Helio G85, Octa Core, 2 GHz Processor","6 GB RAM, 128 GB inbuilt",5000 mAh Battery,"6.56 inches, 720 x 1612 px Display with Water Drop Notch",13 MP + 2 MP Dual Rear & 8 MP Front Camera,Memory Card Supported
Xiaomi Redmi K70E,4.05,"₹23,999","Dual Sim, 5G, VoLTE, NFC, Wi-Fi, IR Blaster","Dimensity 8300 Ultra, Octa Core, 3.35 GHz Processor","12 GB RAM, 256 GB inbuilt",5500 mAh Battery with 90W Fast Charging,"6.67 inches, 1220 x 2712 px, 120 Hz Display with Punch Hole",64 MP + 8 MP + 2 MP Triple Rear & 16 MP Front Camera,Android v14
Vivo Y33t 4G 2023,4.4,"₹8,499","Dual Sim, 4G, VoLTE, Wi-Fi","Helio G85, Octa Core, 2 GHz Processor","6 GB RAM, 128 GB inbuilt",5000 mAh Battery with 15W Fast Charging,"6.56 inches, 720 x 1612 px Display with Water Drop Notch",13 MP + 2 MP Dual Rear & 8 MP Front Camera,"Memory Card Supported, upto 1 TB"
Nubia Z60,4.1,"₹49,990","Dual Sim, 5G, VoLTE, NFC, Wi-Fi","Snapdragon 8 Gen3, Octa Core, 3.3 GHz Processor","8 GB RAM, 256 GB inbuilt",6000 mAh Battery with 80W Fast Charging,"6.78 inches, 1080 x 2400 px, 144 Hz Display with Punch Hole",64 MP + 50 MP + 50 MP Triple Rear & 32 MP Front Camera,Android v14
Infinix Zero 30 4G,4.55,"₹15,999","Dual Sim, 4G, VoLTE, NFC, Wi-Fi","Helio G99, Octa Core, 2.2 GHz Processor","8 GB RAM, 256 GB inbuilt",5000 mAh Battery with 45W Fast Charging,"6.78 inches, 1080 x 2400 px, 120 Hz Display with Punch Hole",108 MP + 2 MP + 2 MP Triple Rear & 50 MP Front Camera,Android v13
Honor V Purse,4.4,"₹67,990","Dual Sim, 5G, VoLTE, NFC, Wi-Fi, IR Blaster","Snapdragon 778G, Octa Core, 2.4 GHz Processor","16 GB RAM, 256 GB inbuilt",4500 mAh Battery with 35W Fast Charging,"7.71 inches, 2016 x 2348 px, 120 Hz Display with Punch Hole","Foldable Display, Dual Display",50 MP + 12 MP Dual Rear & 8 MP Front Camera
Realme V50,4.7,"₹13,999","Dual Sim, 5G, VoLTE, Wi-Fi","Dimensity 6100 Plus, Octa Core, 2.2 GHz Processor","6 GB RAM, 128 GB inbuilt",5000 mAh Battery with 33W Fast Charging,"6.72 inches, 1080 x 2400 px, 120 Hz Display with Punch Hole",13 MP Rear & 8 MP Front Camera,"Memory Card Supported, upto 2 TB"
Asus ROG Phone 8 Pro,4.45,"₹94,999","Dual Sim, 5G, VoLTE, NFC, Wi-Fi","Snapdragon 8 Gen3, Octa Core, 3.3 GHz Processor","16 GB RAM, 512 GB inbuilt",5500 mAh Battery with 65W Fast Charging,"6.78 inches, 1080 x 2400 px, 165 Hz Display",50 MP + 32 MP + 13 MP Triple Rear & 32 MP Front Camera,Android v14
Realme GT 5,4.65,"₹33,990","Dual Sim, 5G, VoLTE, Vo5G, NFC, Wi-Fi, IR Blaster","Snapdragon 8 Gen2, Octa Core, 3.2 GHz Processor","12 GB RAM, 256 GB inbuilt",5240 mAh Battery with 150W Fast Charging,"6.74 inches, 1240 x 2772 px, 144 Hz Display with Punch Hole",50 MP + 8 MP + 2 MP Triple Rear & 16 MP Front Camera,Memory Card Not Supported
Honor Play 40C,4.6,"₹9,990","Dual Sim, 5G, VoLTE, Wi-Fi","Snapdragon 480+, Octa Core, 2.2 GHz Processor","6 GB RAM, 128 GB inbuilt",5200 mAh Battery,"6.56 inches, 720 x 1612 px, 90 Hz Display with Water Drop Notch",13 MP Rear & 5 MP Front Camera,Memory Card (Hybrid)
Huawei Pura 70 Pro,4.5,"₹74,990","Dual Sim, 5G, VoLTE, NFC, Wi-Fi, IR Blaster","Kirin 9010, Octa Core Processor","12 GB RAM, 256 GB inbuilt",5050 mAh Battery with 100W Fast Charging,"6.8 inches, 1260 x 2844 px, 120 Hz Display with Punch Hole",50 MP + 48 MP + 12.5 MP Triple Rear & 13 MP Front Camera,HarmonyOS v4.2
Xiaomi Redmi Note 12R,4.6,"₹11,990","Dual Sim, 5G, VoLTE, NFC, Wi-Fi, IR Blaster","Snapdragon 4 Gen2, Octa Core, 2.2 GHz Processor","4 GB RAM, 128 GB inbuilt",5000 mAh Battery with 18W Fast Charging,"6.79 inches, 1080 x 2460 px, 90 Hz Display with Punch Hole",50 MP + 2 MP Dual Rear & 5 MP Front Camera,Memory Card (Hybrid)
Huawei Nova Flip,4.55,"₹61,999","Dual Sim, 5G, VoLTE, NFC, Wi-Fi","Kirin 8000, Octa Core Processor",256 GB inbuilt,4400 mAh Battery with 66W Fast Charging,"6.94 inches, 1136 x 2690 px, 120 Hz Display with Punch Hole","Foldable Display, Dual Display",50 MP + 8 MP Dual Rear & 32 MP Front Camera
Nokia G310 5G,4.6,"₹16,999","Dual Sim, 5G, VoLTE, Wi-Fi","Snapdragon 480+, Octa Core, 2.2 GHz Processor","4 GB RAM, 128 GB inbuilt",5000 mAh Battery with 20W Fast Charging,"6.56 inches, 720 x 1612 px, 90 Hz Display with Water Drop Notch",50 MP + 2 MP + 2 MP Triple Rear & 8 MP Front Camera,"Memory Card Supported, upto 1000 GB"
Vivo Y36 5G,4.2,"₹20,999","Dual Sim, 5G, VoLTE, NFC, Wi-Fi","Dimensity 6020, Octa Core, 2.2 GHz Processor","8 GB RAM, 256 GB inbuilt",5000 mAh Battery with 44W Fast Charging,"6.64 inches, 1080 x 2388 px, 90 Hz Display with Punch Hole",50 MP + 2 MP Dual Rear & 16 MP Front Camera,"Memory Card Supported, upto 1 TB"
Xiaomi Redmi K70,4.35,"₹29,990","Dual Sim, 5G, VoLTE, NFC, Wi-Fi, IR Blaster","Snapdragon 8 Gen2, Octa Core, 3.2 GHz Processor","12 GB RAM, 256 GB inbuilt",5000 mAh Battery with 120W Fast Charging,"6.67 inches, 1440 x 3200 px, 120 Hz Display with Punch Hole",50 MP + 8 MP + 2 MP Triple Rear & 16 MP Front Camera,Android v14
OnePlus Ace 2 Pro,4.45,"₹34,990","Dual Sim, 5G, VoLTE, NFC, Wi-Fi, IR Blaster","Snapdragon 8 Gen2, Octa Core, 3.2 GHz Processor","12 GB RAM, 256 GB inbuilt",5000 mAh Battery with 150W Fast Charging,"6.74 inches, 1240 x 2772 px, 120 Hz Display with Punch Hole",50 MP + 8 MP + 2 MP Triple Rear & 16 MP Front Camera,Android v13
Oppo K11x 5G,4.2,"₹17,490","Dual Sim, 5G, VoLTE, Wi-Fi","Snapdragon 695, Octa Core, 2.2 GHz Processor","8 GB RAM, 128 GB inbuilt",5000 mAh Battery with 67W Fast Charging,"6.72 inches, 1080 x 2400 px, 120 Hz Display with Punch Hole",108 MP + 2 MP Dual Rear & 16 MP Front Camera,Android v13
Vivo S18 Pro,4.65,"₹36,990","Dual Sim, 5G, VoLTE, NFC, Wi-Fi","Dimensity 9200 Plus, Octa Core, 3.35 GHz Processor","12 GB RAM, 256 GB inbuilt",5000 mAh Battery with 80W Fast Charging,"6.78 inches, 1260 x 2800 px, 120 Hz Display with Punch Hole",50 MP + 50 MP + 12 MP Triple Rear & 50 MP Front Camera,Android v14
